id,name,type_line,power,toughness,colors,text,image
"soc-6","Spirit","Token Creature — Spirit","1","1","W","Flying","https://cards.scryfall.io/normal/front/6/f/6f5a5786-e2be-4bb0-b971-81d1d5cc8f52.jpg?1783903574"
"otj-7","Bird","Token Creature — Bird","1","1","U","Flying","https://cards.scryfall.io/normal/front/0/0/000d9280-a79a-4f9f-822c-7aaecbff3337.jpg?1783911527"
"vow-11","Wolf","Token Creature — Wolf","3","2","R","","https://cards.scryfall.io/normal/front/0/0/001cc57e-f3fc-4790-a9e5-171b2e3e8739.jpg?1783924696"
"hob-4","Goblin Army Token","Token Creature — Goblin Army","0","0","B","","https://cards.scryfall.io/normal/front/0/0/0045408d-4ab9-48bf-84aa-c6d827682090.jpg?1784377368"
"msc-1","Copy","Token","","","","(This token can be used to represent a token that's a copy of a permanent.)","https://cards.scryfall.io/normal/front/b/2/b2a03ba1-2182-4074-99f5-f3952c1d37ec.jpg?1783902815"
"msh-12","Insect","Token Creature — Insect","1","1","G","","https://cards.scryfall.io/normal/front/e/5/e5aa36ec-5f3a-405d-9a65-5a56a44dcee3.jpg?1783902801"
"fin-26","Hero","Token Creature — Hero","1","1","","","https://cards.scryfall.io/normal/front/0/0/00686381-e0a5-4cd3-8812-3b4aaefa31fa.jpg?1783906127"
"soc-18","Saproling","Token Creature — Saproling","1","1","G","","https://cards.scryfall.io/normal/front/2/4/248ade83-ac57-42d6-985c-1e4cc3639f36.jpg?1783903570"
"msc-13","Rhino","Token Creature — Rhino","4","4","G","Trample","https://cards.scryfall.io/normal/front/6/2/62ba25b3-fbf5-40b8-9dbd-66215a31a258.jpg?1783902812"
"blb-10","Bat","Token Creature — Bat","1","1","B","Flying","https://cards.scryfall.io/normal/front/1/0/100c0127-49dd-4a78-9c88-1881e7923674.jpg?1783909768"
"otj-12","Elemental","Token Creature — Elemental","*","*","G","","https://cards.scryfall.io/normal/front/0/0/008695e6-6d6f-4c16-bf05-377e8cc5f5ff.jpg?1783911524"
"big-3","Construct","Token Artifact Creature — Construct","0","0","","This creature gets +1/+1 for each artifact you control.","https://cards.scryfall.io/normal/front/3/8/3877d2d1-61f2-4295-b0fc-827965eaaefc.jpg?1783911690"
"msh-17","Clue","Token Artifact — Clue","","","","{2}, Sacrifice this token: Draw a card.","https://cards.scryfall.io/normal/front/5/e/5e644586-888f-4e2e-8d66-8aa02bd79ec1.jpg?1783902798"
"pca-12","Hellion","Token Creature — Hellion","4","4","R","","https://cards.scryfall.io/normal/front/0/0/00a1209e-c4c3-4250-ad36-ef451f5e34cd.jpg?1783936802"
"otj-17","Meteorite","Token Artifact","","","","When Meteorite enters the battlefield, it deals 2 damage to any target. {T}: Add one mana of any color.","https://cards.scryfall.io/normal/front/0/0/00b41ca9-0bf0-41fc-af65-854e602ee007.jpg?1783911520"
"eoe-1","Sliver","Token Creature — Sliver","1","1","","","https://cards.scryfall.io/normal/front/b/f/bf7501ee-783d-49c6-b381-1db056360b40.jpg?1783905787"
"blc-26","Cat","Token Creature — Cat","2","2","G","","https://cards.scryfall.io/normal/front/2/1/21450a75-26ec-4344-bebc-d55c2cf3fc1c.jpg?1783909753"
"fdn-9","Faerie","Token Creature — Faerie","1","1","U","Flying","https://cards.scryfall.io/normal/front/d/1/d1c0556e-ba3c-4a8e-b704-8eaa7c4dba1c.jpg?1783908591"
"soc-30","Manifest","Creature","2","2","","(You can cover a face-down manifested creature with this reminder card. A manifested creature card can be turned face up any time for its mana cost. A face-down card can also be turned face up for its morph cost.)","https://cards.scryfall.io/normal/front/0/e/0eb1e449-d7ce-4d87-a589-7ae5e3f0951d.jpg?1783903566"
"sld-2549","Food","Token Artifact — Food","","","","{2}, {T}, Sacrifice this token: You gain 3 life.","https://cards.scryfall.io/normal/front/1/1/110f41a6-1ca5-463e-8a6d-fdf021842b43.jpg?1784288722"
"tla-8","Ally","Token Creature — Ally","1","1","W","","https://cards.scryfall.io/normal/front/0/1/01439983-8394-4a0c-9e9e-92a3f1927fe3.jpg?1783904746"
"msc-16","The Monarch","Card","","","","At the beginning of your end step, draw a card. Whenever a creature deals combat damage to you, its controller becomes the monarch.","https://cards.scryfall.io/normal/front/f/c/fca6ceed-a7d3-47a2-bb0d-7582e596c1f6.jpg?1783902810"
"med-g4","Elspeth, Knight-Errant Emblem","Emblem — Elspeth","","","","Artifacts, creatures, enchantments, and lands you control have indestructible.","https://cards.scryfall.io/normal/front/6/a/6a62619f-a432-4314-b018-7eacda9252a7.jpg?1783934209"
"ecl-5","Faerie","Token Creature — Faerie","1","1","BU","Flying","https://cards.scryfall.io/normal/front/0/1/01524db2-c96f-4902-8394-bc7a7128e573.jpg?1783904325"
"tdc-25","Spider","Token Creature — Spider","1","2","G","Reach","https://cards.scryfall.io/normal/front/a/3/a351094c-2315-4e95-89ed-16a1866f67cb.jpg?1783906796"
"inr-24","Chandra, Dressed to Kill Emblem","Emblem","","","","Whenever you cast a red spell, this emblem deals X damage to any target, where X is the amount of mana spent to cast that spell.","https://cards.scryfall.io/normal/front/c/8/c8437d0b-e4f9-4986-be20-ecd9bf238730.jpg?1783907962"
"soc-16","Frog Lizard","Token Creature — Frog Lizard","3","3","G","","https://cards.scryfall.io/normal/front/4/2/42e98a20-325e-476f-8297-cbe8e09d85b2.jpg?1783903571"
"tsr-7","Giant","Token Creature — Giant","4","4","R","","https://cards.scryfall.io/normal/front/0/1/0197284c-3c17-438b-a46d-83131d56c768.jpg?1783927695"
"scd-7","Pegasus","Token Creature — Pegasus","1","1","W","Flying","https://cards.scryfall.io/normal/front/e/b/ebd8f43d-7e54-46d4-9fe9-ac818a9fd91f.jpg?1783918579"
"cmm-32","Elf Druid","Token Creature — Elf Druid","1","1","G","{T}: Add {G}.","https://cards.scryfall.io/normal/front/3/4/348b9211-e189-4c62-abdd-9778cfb84e16.jpg?1783915249"
"blb-11","Darkstar Augur","Token Creature — Bat Warlock","1","1","B","Flying At the beginning of your upkeep, reveal the top card of your library and put that card into your hand. You lose life equal to its mana value. (This token's mana cost is {2}{B}.)","https://cards.scryfall.io/normal/front/0/1/01b55966-0910-484d-9b2b-0a59233c44c4.jpg?1783909771"
"msc-11","Beast","Token Creature — Beast","3","3","G","","https://cards.scryfall.io/normal/front/4/2/4296d26c-3ba6-49e8-986c-76f875a0498c.jpg?1783902813"
"fdn-31","Phyrexian Goblin","Token Creature — Phyrexian Goblin","1","1","R","","https://cards.scryfall.io/normal/front/0/1/01e437a1-6d74-4006-8598-06284444c837.jpg?1783908582"
"twoc-11","Faerie Rogue","Token Creature — Faerie Rogue","1","1","B","Flying","https://cards.scryfall.io/normal/front/0/9/096cbccf-cd00-49d6-9885-54ba68667c27.jpg?1783906763"
"cmm-78","Chandra, Awakened Inferno Emblem","Emblem","","","","At the beginning of your upkeep, this emblem deals 1 damage to you.","https://cards.scryfall.io/normal/front/0/2/02347c41-407f-4388-9d9b-263ddf8b4e11.jpg?1783915228"
"fic-4","Bird","Token Creature — Bird","1","1","U","Flying, vigilance","https://cards.scryfall.io/normal/front/0/2/023cebe4-ebe4-4398-9fd7-d3507660040a.jpg?1783906141"
"sld-7170","Elf Warrior","Token Creature — Elf Warrior","1","1","G","","https://cards.scryfall.io/normal/front/e/c/ecbfc4bf-56be-4275-b36b-c2c57f93ad15.jpg?1784715740"
"mkm-5","Skeleton","Token Creature — Skeleton","2","1","B","","https://cards.scryfall.io/normal/front/0/2/02404852-5788-4adb-b2dc-98bf705d8d96.jpg?1783912608"
"tmc-1","Ooze","Token Creature — Ooze","2","2","G","","https://cards.scryfall.io/normal/front/c/2/c2fc764f-d5fe-452a-8474-5ad380048faf.jpg?1783904019"
"pip-8","Settlement","Token Enchantment — Aura","","","G","Enchant Land Enchanted land has ""{T}: Add one mana of any color.""","https://cards.scryfall.io/normal/front/0/2/02789d01-f939-4515-a6e4-db6aff36f893.jpg?1783912044"
"neo-14","Mechtitan","Token Legendary Artifact Creature — Construct","10","10","BGRUW","Mechtitan is all colors. Flying, vigilance, trample, lifelink, haste","https://cards.scryfall.io/normal/front/0/2/0281825d-9d38-4b56-b522-a8d3cf8c77c9.jpg?1783923710"
"tdc-14","Dragon","Token Creature — Dragon","5","5","R","Flying","https://cards.scryfall.io/normal/front/a/9/a9f4584c-fd86-4370-a85b-a989d20f3925.jpg?1783906802"
"scd-27","Sarkhan, the Dragonspeaker Emblem","Emblem — Sarkhan","","","","At the beginning of your draw step, draw two additional cards. At the beginning of your end step, discard your hand.","https://cards.scryfall.io/normal/front/0/2/02a68eab-27bc-434b-b19d-316d1db9434c.jpg?1783918571"
"inr-18","Wolf","Token Creature — Wolf","2","2","G","","https://cards.scryfall.io/normal/front/8/9/89b89a55-3ea2-4186-b946-06831bc16169.jpg?1783907965"
"tmt-6","Rat","Token Creature — Rat","1","1","B","","https://cards.scryfall.io/normal/front/3/b/3b69ac36-617d-4e55-a625-0e6f0d0dfbd3.jpg?1783904004"
"msc-12","Elephant","Token Creature — Elephant","3","3","G","","https://cards.scryfall.io/normal/front/e/2/e2030e94-c186-4b7d-9924-6d53440244fe.jpg?1783902813"
"fin-24","Sephiroth, One-Winged Angel Emblem","Emblem","","","","Whenever a creature dies, target opponent loses 1 life and you gain 1 life.","https://cards.scryfall.io/normal/front/0/3/03165625-1cb9-4e7b-85be-df400adc4487.jpg?1783906129"
"msc-6","Goat","Token Creature — Goat","0","1","W","","https://cards.scryfall.io/normal/front/7/2/72387c9a-e50b-4606-a3e1-b640b9eaaf6c.jpg?1783902813"
"pl25-2","Snake","Token Creature — Snake","1","1","G","","https://cards.scryfall.io/normal/front/4/b/4bfc751d-af71-49ff-a8b2-0d3a20eb136a.jpg?1783907688"
"big-7","Map","Token Artifact — Map","","","","{1}, {T}, Sacrifice this artifact: Target creature you control explores. Activate only as a sorcery. (Reveal the top card of your library. Put that card into your hand if it's a land. Otherwise, put a +1/+1 counter on that creature, then put the card back or put it into your graveyard.)","https://cards.scryfall.io/normal/front/0/3/03516d49-0613-46f7-8d88-3bf26d2c8659.jpg?1783911684"
"c15-23","Spirit","Token Enchantment Creature — Spirit","*","*","BW","This creature's power and toughness are each equal to the number of experience counters you have.","https://cards.scryfall.io/normal/front/0/3/03553980-53fa-4256-b478-c7e0e73e2b5b.jpg?1783938017"
"grn-7","Ral, Izzet Viceroy Emblem","Emblem — Ral","","","","Whenever you cast an instant or sorcery spell, this emblem deals 4 damage to any target and you draw two cards.","https://cards.scryfall.io/normal/front/0/3/03580d3a-4c02-4f2e-b667-f82028ccde0b.jpg?1783934061"
"ecc-3","Zombie","Token Creature — Zombie","2","2","B","","https://cards.scryfall.io/normal/front/1/7/17f001ab-514b-49e7-a657-b2872ad7a1de.jpg?1783904333"
"tuma-11","Soldier","Token Creature — Soldier","1","1","R","","https://cards.scryfall.io/normal/front/d/f/dfb0ae06-9a02-4cd6-bc1d-423662d7a1bd.jpg?1783903464"
"txln-1","Vampire","Token Creature — Vampire","1","1","W","Lifelink (Damage dealt by this creature also causes you to gain that much life.)","https://cards.scryfall.io/normal/front/1/c/1c9ace77-f1e7-4abf-beb3-369febda9394.jpg?1783913141"
"otc-4","Bird Illusion","Token Creature — Bird Illusion","1","1","U","Flying","https://cards.scryfall.io/normal/front/9/5/95970f74-0f28-4d81-9fbd-cb49f5d5eebc.jpg?1783911685"
"dsc-22","Insect","Token Creature — Insect","1","1","BG","","https://cards.scryfall.io/normal/front/f/1/f120bca2-9ecf-429a-bc01-ba29729e19c9.jpg?1783909269"
"tdm-11","Dragon","Token Creature — Dragon","4","4","R","Flying","https://cards.scryfall.io/normal/front/4/3/434c2965-82b8-4e89-bf45-a8fc093f9a21.jpg?1783906784"
"bfz-5","Knight Ally","Token Creature — Knight Ally","2","2","W","","https://cards.scryfall.io/normal/front/0/4/0419a202-6e32-4f0a-a032-72f6c00cae5e.jpg?1783938120"
"msc-2","Shapeshifter","Token Creature — Shapeshifter","3","2","","Changeling (This token is every creature type.)","https://cards.scryfall.io/normal/front/0/4/049048af-9945-4b73-9aa3-7f09bf4c22b3.jpg?1783902814"
"fin-35","Wizard","Token Creature — Wizard","0","1","B","Whenever you cast a noncreature spell, this token deals 1 damage to each opponent.","https://cards.scryfall.io/normal/front/0/4/04ae24bf-0b24-4996-afae-7bf9f9d7471c.jpg?1783906124"
"ecc-10","Elemental","Token Creature — Elemental","*","*","GW","This creature's power and toughness are each equal to the number of creatures you control.","https://cards.scryfall.io/normal/front/7/e/7ec88cb2-7a77-45ae-b2c8-f8d09452d619.jpg?1783904328"
"m3c-24","Construct","Token Artifact Creature — Construct","6","12","","Trample","https://cards.scryfall.io/normal/front/8/c/8c87f559-55e4-4cce-bff4-6a07565d7e5f.jpg?1783911121"
"sld-1908","Shapeshifter","Token Creature — Shapeshifter","2","2","U","Changeling (This token is every creature type.)","https://cards.scryfall.io/normal/front/0/5/052a742b-e602-406f-82af-4ee36cf1e291.jpg?1783906681"
"fdn-28","Cat Beast","Token Creature — Cat Beast","2","2","W","","https://cards.scryfall.io/normal/front/3/2/322ef76e-e0f0-48d7-a6ad-5d4c1c9ccb2e.jpg?1783908585"
"sos-5","Fractal","Token Creature — Fractal","0","0","GU","","https://cards.scryfall.io/normal/front/8/b/8b5f1fdb-04df-4224-acb4-7819c37565f5.jpg?1783903564"
"acr-7","The Capitoline Triad Emblem","Emblem","","","","Creatures you control have base power and toughness 9/9.","https://cards.scryfall.io/normal/front/0/5/05402b51-8cf9-4f69-aa12-8a9d5981f8b1.jpg?1783910885"
"hob-12","Treasure","Token Artifact — Treasure","","","","{T}, Sacrifice this token: Add one mana of any color.","https://cards.scryfall.io/normal/front/c/6/c6e096bb-ad9e-4a8b-8b42-26852fa32c1d.jpg?1783902770"
"tdc-16","Elemental","Token Creature — Elemental","1","1","R","","https://cards.scryfall.io/normal/front/4/a/4ace3018-7d6e-4b77-9487-f280fd723d12.jpg?1783906801"
"f17-10","Vampire // Treasure","Token Creature — Vampire // Token Artifact — Treasure","","","","","https://cards.scryfall.io/normal/front/0/5/05934d59-7e98-4fff-8ccb-70cd1a61c6fd.jpg?1783936802"
"acr-3","Human Rogue","Token Creature — Human Rogue","1","1","W","","https://cards.scryfall.io/normal/front/0/5/05946b39-0b54-4f63-b521-4d5deb238541.jpg?1783910886"
"dmr-3","Cat","Token Creature — Cat","2","1","B","","https://cards.scryfall.io/normal/front/0/5/05a61555-ddb9-4d55-b637-a219d772033d.jpg?1783918316"
"mkc-13","Lightning Rager","Token Creature — Elemental","5","1","R","Trample, haste At the beginning of the end step, sacrifice this creature.","https://cards.scryfall.io/normal/front/8/2/8292126c-a7b4-40d3-8a08-f15dd871207d.jpg?1783912616"
"wwk-1","Soldier Ally","Token Creature — Soldier Ally","1","1","W","","https://cards.scryfall.io/normal/front/0/5/05abf2df-833f-4172-af74-6533b022dfa9.jpg?1783942070"
"msc-21","Bird","Token Creature — Bird","1","1","W","Flying","https://cards.scryfall.io/normal/front/4/5/456832f6-60b5-46d7-b37e-4fb44e60e792.jpg?1783902809"
"msh-4","Soldier","Token Creature — Soldier","1","1","W","","https://cards.scryfall.io/normal/front/5/e/5ef2f34e-0ff2-4157-9d4a-73ecf4cd449b.jpg?1783902804"
"khc-2","Kithkin Soldier","Token Creature — Kithkin Soldier","1","1","W","","https://cards.scryfall.io/normal/front/0/6/064ce217-2a93-41ae-b26a-e80cbb2353e4.jpg?1783928085"
"sld-2421","Goblin","Token Creature — Goblin","1","1","R","","https://cards.scryfall.io/normal/front/0/9/09faad62-42ff-4e37-b8a5-d8e8a0f6d096.jpg?1783903425"
"tmh3-2","Eldrazi Spawn","Token Creature — Eldrazi Spawn","0","1","","Sacrifice this creature: Add {C}.","https://cards.scryfall.io/normal/front/c/7/c74a7492-ed7b-4037-aa5c-bcfabe4c8951.jpg?1783903463"
"msc-9","Rogue","Token Creature — Rogue","2","2","B","","https://cards.scryfall.io/normal/front/0/6/064dec90-75ae-4afe-a5d5-a878e9fd9f34.jpg?1783902813"
"40k-13","Cherubael","Token Legendary Creature — Demon","4","4","B","Flying","https://cards.scryfall.io/normal/front/0/6/065e30fe-03e5-4558-8f41-42992b07712e.jpg?1783920663"
"mma-1","Giant Warrior","Token Creature — Giant Warrior","5","5","W","","https://cards.scryfall.io/normal/front/c/1/c1a41d0d-aaf5-4cb4-a9db-07992c57e436.jpg?1783939955"
"tdc-5","Human","Token Creature — Human","1","1","W","","https://cards.scryfall.io/normal/front/5/0/5054bb15-ddd5-4e5e-a9fd-6bdf255f7fd3.jpg?1783906807"
"eoc-6","Beast","Token Creature — Beast","4","4","G","","https://cards.scryfall.io/normal/front/e/b/eb243b20-85e6-4eba-9403-42272975e8a5.jpg?1783905790"
"cmm-63","Human Warrior","Token Creature — Human Warrior","1","1","W","","https://cards.scryfall.io/normal/front/0/d/0d88db82-009a-4371-a91e-9083b561e80f.jpg?1783915238"
"fdn-8","Drake","Token Creature — Drake","2","2","U","Flying","https://cards.scryfall.io/normal/front/f/4/f4a73034-e20f-4e7e-ac15-3460b1e9c69b.jpg?1783908592"
"soc-25","Spirit","Token Creature — Spirit","3","2","RW","","https://cards.scryfall.io/normal/front/5/a/5a9c5b21-c770-4fc0-b205-d96862e6be3e.jpg?1783903567"
"dmu-17","Cat Warrior","Token Creature — Cat Warrior","2","2","G","Forestwalk","https://cards.scryfall.io/normal/front/d/8/d886263e-9f46-4389-a543-947d6e51cb1a.jpg?1783921125"
"sld-2180","Blood","Token Artifact — Blood","","","","{1}, {T}, Discard a card, Sacrifice this token: Draw a card.","https://cards.scryfall.io/normal/front/6/b/6b563165-b97f-42c6-82a8-65d8ee69e381.jpg?1783905165"
"woe-3","Knight","Token Creature — Knight","2","2","W","Vigilance","https://cards.scryfall.io/normal/front/f/4/f4035134-a162-4651-86c5-ae006b6e0e20.jpg?1783914992"
"soc-26","Worm","Token Creature — Worm","1","1","BG","","https://cards.scryfall.io/normal/front/9/f/9f5ddcda-dcf0-468d-a5db-011e1b6ccab1.jpg?1783903567"
"cmm-38","Graveborn","Token Creature — Graveborn","3","1","BR","Haste","https://cards.scryfall.io/normal/front/0/7/07ab0fbc-293e-4917-9792-fdc9b512713d.jpg?1783915244"
"akh-14","Unwavering Initiate","Token Creature — Zombie Human Warrior","3","2","W","Vigilance","https://cards.scryfall.io/normal/front/0/7/07ab720d-40fc-4315-bc8d-c7073cea588b.jpg?1783936412"
"m3c-14","Ape","Token Creature — Ape","3","3","G","","https://cards.scryfall.io/normal/front/4/b/4b2ee605-3c7a-4769-978d-3199bdc7c504.jpg?1783911125"
"sld-1852","Spirit","Token Creature — Spirit","1","1","","","https://cards.scryfall.io/normal/front/3/e/3e55bca3-43a3-44a8-b673-b1d0cf3f203f.jpg?1783908450"
"tmt-10","Robot","Token Artifact Creature — Robot","1","1","","","https://cards.scryfall.io/normal/front/0/8/08497fc5-1c0e-4c3c-a356-bf4b34bd4c45.jpg?1783904001"
"scd-12","Demon","Token Creature — Demon","*","*","B","Flying","https://cards.scryfall.io/normal/front/2/c/2c0e7faf-43cb-4a96-ac3c-9533f957ee28.jpg?1783918577"
"bro-4","Construct","Token Artifact Creature — Construct","2","2","","","https://cards.scryfall.io/normal/front/0/8/087ab398-474f-4455-bef4-ea42c6913486.jpg?1783919909"
"pip-22","Radiation","Card","","","","At the beginning of your precombat main phase, if you have any rad counters, mill that many cards. For each nonland card milled this way, you lose 1 life and a rad counter.","https://cards.scryfall.io/normal/front/0/8/0886657d-afb0-4f1f-9af7-960724793077.jpg?1783912038"
"dsc-2","Angel","Token Creature — Angel","4","4","W","Flying","https://cards.scryfall.io/normal/front/b/b/bb6d0a6a-3007-47fc-a42c-3db311c9c41f.jpg?1783909277"
"tdc-11","Timeless Witness","Token Creature — Zombie Human Shaman","4","4","B","When Timeless Witness enters the battlefield, return target card from your graveyard to your hand.","https://cards.scryfall.io/normal/front/0/9/0902163b-9a92-4df3-afdd-396db24c7fd4.jpg?1783906803"
"msc-30","Construct","Token Artifact Creature — Construct","4","4","","Flying, haste","https://cards.scryfall.io/normal/front/0/9/0910f9ee-755f-4a94-a2ab-20df2d7f7f27.jpg?1783902806"
"moc-41","Replicated Ring","Token Snow Artifact","","","","{T}: Add one mana of any color.","https://cards.scryfall.io/normal/front/0/9/092bc98e-cca1-4d8e-bcde-074621280fed.jpg?1783916642"
"bbd-4","Zombie Giant","Token Creature — Zombie Giant","5","5","B","","https://cards.scryfall.io/normal/front/b/e/be7e26e1-5db6-49ba-a88e-c79d889cd364.jpg?1783934653"
"inr-27","Wrenn and Seven Emblem","Emblem","","","","You have no maximum hand size.","https://cards.scryfall.io/normal/front/0/9/09890a52-06f6-4f43-954c-64af3578abe3.jpg?1783907963"
"30a-16","Wasp","Token Artifact Creature — Insect","1","1","","Flying","https://cards.scryfall.io/normal/front/0/9/09921372-126f-4c81-b6d8-ea50b1d0eb44.jpg?1783919200"
"eoc-3","Bird","Token Creature — Bird","2","2","U","Flying","https://cards.scryfall.io/normal/front/2/a/2a3d4bf9-2107-4686-8df5-cd7c934d0691.jpg?1783905793"
"bro-2","Bear","Token Creature — Bear","2","2","G","","https://cards.scryfall.io/normal/front/7/7/772dac39-269b-4a35-aad3-320279af833f.jpg?1783919910"
"cmm-62","Cleric","Token Enchantment Creature — Cleric","2","1","W","","https://cards.scryfall.io/normal/front/0/a/0a72ad3d-8660-4be4-9f9b-7d2f6b8ee82b.jpg?1783915236"
"otj-5","Spirit","Token Creature — Spirit","2","2","W","Flying","https://cards.scryfall.io/normal/front/8/c/8c15b18b-1ab1-44e9-b96f-c36d52f11ea0.jpg?1783911528"
"bng-3","Soldier","Token Enchantment Creature — Soldier","1","1","W","","https://cards.scryfall.io/normal/front/6/6/66f90245-fa63-48b2-a20a-8a6f00dd5853.jpg?1783939516"
"tmkc-12","Kobolds of Kher Keep","Token Creature — Kobold","0","1","R","","https://cards.scryfall.io/normal/front/9/4/94f8d753-a796-4b99-bd37-087dd5f9cd97.jpg?1783903467"
"cm2-13","Pentavite","Token Artifact Creature — Pentavite","1","1","","Flying","https://cards.scryfall.io/normal/front/b/6/b6571af0-80e2-474b-a8b1-d3d90e954d2b.jpg?1783934658"
"mom-23","Wrenn and Realmbreaker Emblem","Emblem","","","","You may play lands and cast permanent spells from your graveyard.","https://cards.scryfall.io/normal/front/0/a/0aa8ebb6-26dc-41eb-ae40-47c8e7b040a6.jpg?1783916662"
"m3c-27","Garruk, Apex Predator Emblem","Emblem — Garruk","","","","Whenever a creature attacks you, it gets +5/+5 and gains trample until end of turn.","https://cards.scryfall.io/normal/front/3/1/31745fa9-5f11-490f-8dba-a5033a604bc0.jpg?1783911121"
"tori-7","Ashaya, the Awoken World","Token Legendary Creature — Elemental","4","4","G","","https://cards.scryfall.io/normal/front/2/c/2c3775c8-2d3d-47b0-b262-8b86d649c087.jpg?1783913138"
"eoc-7","Elemental","Token Creature — Elemental","5","3","G","","https://cards.scryfall.io/normal/front/0/b/0b0229d7-8635-4509-b141-12787af32855.jpg?1783905790"
"2xm-28","Tuktuk the Returned","Token Artifact Creature — Goblin Golem","5","5","","Tuktuk the Returned is legendary.","https://cards.scryfall.io/normal/front/c/7/c7e7822b-f155-4f3f-b835-ec64f3a71307.jpg?1783930224"
"tla-13","Ballistic Boulder","Token Artifact Creature — Construct","2","1","","Flying","https://cards.scryfall.io/normal/front/0/b/0b1b8ff0-0b1e-4a55-a937-fde7ec15c41a.jpg?1783904745"
"msh-14","Squirrel","Token Creature — Squirrel","1","1","G","","https://cards.scryfall.io/normal/front/f/d/fd0474f3-682d-4c6d-b902-84f3250aa269.jpg?1783902800"
"moc-21","Zombie Knight","Token Creature — Zombie Knight","2","2","B","Menace (This creature can't be blocked except by two or more creatures.)","https://cards.scryfall.io/normal/front/1/b/1b514e92-dbb1-4d58-92b4-6347de53a90b.jpg?1783916647"
"soc-28","Thopter","Token Artifact Creature — Thopter","1","1","","Flying","https://cards.scryfall.io/normal/front/b/9/b9d38c75-c69f-45cd-a745-03ac7513491b.jpg?1783903566"
"arb-3","Dragon","Token Creature — Dragon","1","1","GR","Flying, devour 2","https://cards.scryfall.io/normal/front/0/b/0bb628da-a02f-4d3e-b919-0c03821dd5f2.jpg?1783942408"
"drc-12","Construct","Token Artifact Creature — Construct","4","4","","","https://cards.scryfall.io/normal/front/0/b/0bf43942-6814-4b31-9705-fd16336ed5ef.jpg?1783907672"
"shm-9","Elemental","Token Creature — Elemental","5","5","BR","","https://cards.scryfall.io/normal/front/0/c/0c5afb0a-a158-4995-881e-eae0f20805a6.jpg?1783942698"
"tdc-29","Gold","Token Artifact — Gold","","","","Sacrifice this token: Add one mana of any color.","https://cards.scryfall.io/normal/front/6/0/603fa82c-173d-4bbc-95e5-5a3d027679c4.jpg?1783906794"
"clb-9","Boo","Token Legendary Creature — Hamster","1","1","R","Trample, haste","https://cards.scryfall.io/normal/front/0/d/0d0475e9-68ae-4553-a5ef-650091e04967.jpg?1783922320"
"fdn-4","Knight","Token Creature — Knight","3","3","W","","https://cards.scryfall.io/normal/front/0/d/0d287806-07bb-4709-9260-b9ef34fe2a13.jpg?1783908592"
"m21-16","Basri Ket Emblem","Emblem","","","","At the beginning of combat on your turn, create a 1/1 white Soldier creature token, then put a +1/+1 counter on each creature you control.","https://cards.scryfall.io/normal/front/0/d/0d37b555-5931-4084-8f83-e9853e14eccf.jpg?1783930588"
"lcc-6","Vampire","Token Creature — Vampire","1","1","B","Lifelink","https://cards.scryfall.io/normal/front/8/d/8d2ea7d8-a807-472e-a35f-976fe44de054.jpg?1783913614"
"neo-8","Goblin Shaman","Token Creature — Goblin Shaman","2","2","R","Whenever this creature attacks, create a Treasure token.","https://cards.scryfall.io/normal/front/0/d/0d9461c3-f545-4efb-926e-759961db0495.jpg?1783923713"
"ecl-12","Oko, Shadowmoor Scion Emblem","Emblem","","","","Creatures you control of the chosen type get +3/+3 and have vigilance and hexproof.","https://cards.scryfall.io/normal/front/0/d/0d9d6611-bc46-4fc1-8e39-460f56236ceb.jpg?1783904323"
"msc-4","Angel","Token Creature — Angel","4","4","W","Flying, vigilance","https://cards.scryfall.io/normal/front/7/5/75378703-7c80-4a4b-87ef-203eb74edc21.jpg?1783902816"
"ecc-5","Plant","Token Creature — Plant","0","1","G","","https://cards.scryfall.io/normal/front/3/d/3db07715-d315-4361-8af5-ce68d20e6c08.jpg?1783904331"
"cmm-51","Daretti, Scrap Savant Emblem","Emblem — Daretti","","","","Whenever an artifact is put into your graveyard from the battlefield, return that card to the battlefield at the beginning of the next end step.","https://cards.scryfall.io/normal/front/6/4/64ace1f4-51b5-4a6a-a730-859717efbd6d.jpg?1783915242"
"cmm-81","Narset of the Ancient Way Emblem","Emblem","","","","Whenever you cast a noncreature spell, this emblem deals 2 damage to any target.","https://cards.scryfall.io/normal/front/c/6/c6ea709d-2470-4552-92b3-25d617155e51.jpg?1783915227"
"tdc-12","Dragon Egg","Token Creature — Dragon Egg","0","2","R","Defender When this creature dies, create a 2/2 red Dragon creature token with flying and ""{R}: This creature gets +1/+0 until end of turn.""","https://cards.scryfall.io/normal/front/4/3/435577cb-a8b6-4795-a301-92128a68d070.jpg?1783906804"
"inr-13","Elemental","Token Creature — Elemental","*","*","R","Trample This creature's power and toughness are each equal to the number of instant and sorcery cards in your graveyard plus the number of cards with flashback you own in exile.","https://cards.scryfall.io/normal/front/0/e/0e99650f-a153-4a80-86d8-8fd2c3f19d85.jpg?1783907969"
"uma-13","Elemental","Token Creature — Elemental","4","4","G","","https://cards.scryfall.io/normal/front/f/e/fea0857b-0f9e-4a87-83d7-85723e33f26c.jpg?1783933879"
"tdc-13","Dragon","Token Creature — Dragon","2","2","R","Flying {R}: This creature gets +1/+0 until end of turn.","https://cards.scryfall.io/normal/front/1/e/1e2aaaca-6563-406f-b1bc-6849ba555da8.jpg?1783906804"
"cmm-42","Construct","Token Artifact Creature — Construct","*","*","","","https://cards.scryfall.io/normal/front/0/f/0f3954f9-776d-4a8d-a032-724c4eae0e13.jpg?1783915245"
"neo-11","Spirit","Token Creature — Spirit","4","5","G","","https://cards.scryfall.io/normal/front/0/f/0f48aaab-dd6e-4bcc-a8fb-d31dd4a098ba.jpg?1783923712"
"cmm-74","Construct","Token Artifact Creature — Construct","1","1","","","https://cards.scryfall.io/normal/front/3/f/3f695aef-e30a-4289-a9b8-24b5495c344e.jpg?1783915232"
"soc-29","City's Blessing","Card","","","","","https://cards.scryfall.io/normal/front/0/f/0f6a6dc8-1c3c-45d2-be4f-bfab58a5a66f.jpg?1783903567"
"c20-17","Goblin Warrior","Token Creature — Goblin Warrior","1","1","GR","","https://cards.scryfall.io/normal/front/d/6/d6b6561b-d6f0-4eea-8bc4-e3cd35b38c90.jpg?1783931098"
"txln-6","Plant","Token Creature — Plant","0","2","G","Defender (This creature can't attack.)","https://cards.scryfall.io/normal/front/0/f/0f8659bf-fa41-4a08-a124-ca9d08e02223.jpg?1783913138"
"mid-14","Vampire","Token Creature — Vampire","3","1","BR","Trample, lifelink, haste","https://cards.scryfall.io/normal/front/0/f/0f8fe08d-b469-4471-8a7d-cf75850ba312.jpg?1783925221"
"woe-5","Faerie","Token Creature — Faerie","1","1","U","Flying This creature can block only creatures with flying.","https://cards.scryfall.io/normal/front/0/f/0f9a993f-1f2b-4b17-b415-e975b7873e18.jpg?1783914992"
"tsr-11","Insect","Token Creature — Insect","6","1","G","Shroud (This creature can't be the target of spells or abilities.)","https://cards.scryfall.io/normal/front/0/f/0ff2e2bd-b8e9-4563-85ad-fdbb0607fb7c.jpg?1783927694"
"ust-4","Faerie Spy","Token Creature — Faerie Spy","1","1","U","Flying, haste Whenever this creature deals combat damage to a player, draw a card.","https://cards.scryfall.io/normal/front/1/0/1008e47a-a8c4-4f4f-8628-ac4b8f978dd0.jpg?1783935356"
"mh3-12","Moonfolk","Token Creature — Moonfolk","1","2","U","Flying","https://cards.scryfall.io/normal/front/1/0/10136b4b-ccc1-48ce-bc8c-295660464cf7.jpg?1783911115"
"tle-1","Marit Lage","Token Legendary Creature — Avatar","20","20","B","Flying, indestructible","https://cards.scryfall.io/normal/front/d/c/dcff76fb-e23d-4333-a770-b1d616f98486.jpg?1783904740"
"m3c-19","Forest Dryad","Token Land Creature — Forest Dryad","1","1","G","(This creature is affected by summoning sickness, and it has ""{T}: Add {G}."")","https://cards.scryfall.io/normal/front/1/0/107be8ee-ee22-4d37-94f1-2a5b438fbe05.jpg?1783911122"
"c19-17","Plant","Token Creature — Plant","1","1","G","","https://cards.scryfall.io/normal/front/d/4/d4b6b06c-6ce7-405c-acc1-a2626fcde8ad.jpg?1783932828"
"cmm-26","Elemental","Token Creature — Elemental","3","1","R","Trample, haste","https://cards.scryfall.io/normal/front/d/4/d461a38d-761b-47bb-b49d-1b2522cf2f6e.jpg?1783915259"
"tdc-31","Servo","Token Artifact Creature — Servo","1","1","","","https://cards.scryfall.io/normal/front/5/7/57890ef7-9006-47b9-9f8b-42b665123607.jpg?1783906794"
"m3c-3","Eldrazi Scion","Token Creature — Eldrazi Scion","1","1","","Sacrifice this creature: Add {C}.","https://cards.scryfall.io/normal/front/c/6/c6ee5e2c-d98b-434e-9175-d20f7f713b88.jpg?1783911127"
"soc-2","Cat","Token Creature — Cat","2","2","W","","https://cards.scryfall.io/normal/front/7/d/7d400b41-813d-4a63-848f-5eb4db4bf3bb.jpg?1783903575"
"ltc-14","Dragon","Token Creature — Dragon","6","6","BR","Flying, menace Whenever this creature deals combat damage to a player, gain control of target artifact that player controls.","https://cards.scryfall.io/normal/front/1/1/11335886-a422-42ff-be14-226602202603.jpg?1783916054"
"soc-9","Phyrexian Germ","Token Creature — Phyrexian Germ","0","0","B","","https://cards.scryfall.io/normal/front/6/5/65c65445-1016-4fd3-963e-1c9eb252d4a6.jpg?1783903574"
"inr-14","Human","Token Creature — Human","1","1","R","","https://cards.scryfall.io/normal/front/5/8/5806617d-a621-434a-a2aa-756144efb67b.jpg?1783907968"
"inr-1","Eldrazi Horror","Token Creature — Eldrazi Horror","3","2","","","https://cards.scryfall.io/normal/front/a/1/a106fc38-c321-4afa-8e66-ea6a9e594a55.jpg?1783907973"
"who-39","Human Noble","Token Creature — Human Noble","1","1","W","Vanishing 3 Prevent all damage that would be dealt to this creature.","https://cards.scryfall.io/normal/front/1/2/1207efdc-c416-4918-80d9-8b18905eaa90.jpg?1783914707"
"ncc-32","Elemental","Token Creature — Elemental","5","5","RU","Flying","https://cards.scryfall.io/normal/front/1/6/160579e7-4563-4576-84d7-56643217096e.jpg?1783923166"
"afr-7","Spider","Token Creature — Spider","2","1","B","Menace, reach","https://cards.scryfall.io/normal/front/1/2/124e0b03-d9fb-44f1-9e3c-3462aabdd42e.jpg?1783926346"
"m3c-23","Sand Warrior","Token Creature — Sand Warrior","1","1","GRW","","https://cards.scryfall.io/normal/front/1/7/17812f4e-a10c-472b-970f-35a8f392235a.jpg?1783911123"
"drc-8","Zombie Army","Token Creature — Zombie Army","0","0","B","","https://cards.scryfall.io/normal/front/1/7/177beb03-072c-462c-b816-d706d4d40b5f.jpg?1783907674"
"sld-1752","Warrior","Token Creature — Warrior","1","1","W","","https://cards.scryfall.io/normal/front/3/0/3053e02b-7157-4fb6-9427-d64a68ea29c3.jpg?1783909134"
"cm2-8","Elemental Shaman","Token Creature — Elemental Shaman","3","1","R","","https://cards.scryfall.io/normal/front/a/2/a271bdf3-2868-425d-987c-4ce272152a2f.jpg?1783934659"
"ima-4","Djinn Monk","Token Creature — Djinn Monk","2","2","U","Flying","https://cards.scryfall.io/normal/front/1/2/12b5e32a-b86b-4f8b-ae93-19f0b95c4514.jpg?1783935466"
"2x2-4","Aven Initiate","Token Creature — Zombie Bird Warrior","3","2","W","Flying","https://cards.scryfall.io/normal/front/1/2/12feaabf-7b3e-4cef-8d45-1b9bbe2baaf6.jpg?1783921681"
"soc-7","Illusion","Token Creature — Illusion","*","*","U","","https://cards.scryfall.io/normal/front/f/6/f6469938-5af9-4f0a-9f2e-603c833e48ba.jpg?1783903575"
"clb-27","Kor Warrior","Token Creature — Kor Warrior","1","1","W","","https://cards.scryfall.io/normal/front/2/1/2138b304-4dc0-48bb-a043-6246abafef53.jpg?1783922313"
"sld-1018","Icingdeath, Frost Tongue","Token Legendary Artifact — Equipment","","","W","Equipped creature gets +2/+0. Whenever equipped creature attacks, tap target creature defending player controls. Equip {2}","https://cards.scryfall.io/normal/front/1/3/13cb668a-c8f8-491f-8534-08a7f94baf19.jpg?1783922238"
"cc2-9","Snake // Zombie","Token Creature — Snake // Token Creature — Zombie","","","","","https://cards.scryfall.io/normal/front/1/3/13e4832d-8530-4b85-b738-51d0c18f28ec.jpg?1783924139"
"inr-6","Demon","Token Creature — Demon","5","5","B","Flying","https://cards.scryfall.io/normal/front/1/f/1f75f7a3-b4d2-40e1-9721-cbe6a63971ba.jpg?1783907970"
"cmm-23","Dwarf Berserker","Token Creature — Dwarf Berserker","2","1","R","","https://cards.scryfall.io/normal/front/7/5/75d82864-0286-4511-9e80-a154bec2757f.jpg?1783915253"
"mh3-18","Phyrexian Wurm","Token Artifact Creature — Phyrexian Wurm","2","1","B","Lifelink","https://cards.scryfall.io/normal/front/1/4/1482ab42-875c-46fc-aa0b-b18154488985.jpg?1783911115"
"sld-2206","Cordyceps Infected","Token Creature — Fungus Zombie","1","1","B","","https://cards.scryfall.io/normal/front/1/4/14a3f3bc-2968-4861-849c-4a79da12bb03.jpg?1783905139"
"tdc-23","Insect","Token Creature — Insect","1","1","G","Flying, deathtouch","https://cards.scryfall.io/normal/front/e/1/e17b804f-4dca-4101-ba8f-b732504ac488.jpg?1783906796"
"neo-4","Ninja","Token Creature — Ninja","1","1","U","This creature can't be blocked.","https://cards.scryfall.io/normal/front/1/4/14eb629e-f09f-4deb-b434-7615a3010a4d.jpg?1783923717"
"dsc-7","Devil","Token Creature — Devil","1","1","R","When this creature dies, it deals 1 damage to any target.","https://cards.scryfall.io/normal/front/d/7/d7a88466-7f44-4535-a8d5-097ed747454d.jpg?1783909277"
"2x2-23","Liliana, the Last Hope Emblem","Emblem — Liliana","","","","At the beginning of your end step, create X 2/2 black Zombie creature tokens, where X is two plus the number of Zombies you control.","https://cards.scryfall.io/normal/front/f/b/fb88493c-293b-4b89-8571-712dcf110df5.jpg?1783921673"
"c15-21","Snake","Token Creature — Snake","1","1","GU","","https://cards.scryfall.io/normal/front/1/5/153f01ac-8601-488f-8da7-72f392c0a3c6.jpg?1783938017"
"dsc-14","Ooze","Token Creature — Ooze","*","*","G","","https://cards.scryfall.io/normal/front/d/1/d1821a53-1799-4162-b0b6-f8ab84a55c30.jpg?1783909274"
"spm-6","Robot","Token Artifact Creature — Robot","1","1","","Flying","https://cards.scryfall.io/normal/front/1/5/15796c4b-6041-4e0a-bc4f-0518d165549e.jpg?1783905183"
"sld-2101","Myr","Token Artifact Creature — Myr","1","1","","","https://cards.scryfall.io/normal/front/9/d/9d54ed64-573d-45cc-9d5c-94c5d0fc88ec.jpg?1783906082"
"cmm-65","Ox","Token Creature — Ox","2","4","W","","https://cards.scryfall.io/normal/front/1/5/15e94825-98a8-40f1-8f61-83c79885fec0.jpg?1783915233"
"m11-1","Avatar","Token Creature — Avatar","*","*","W","This creature's power and toughness are each equal to your life total.","https://cards.scryfall.io/normal/front/8/6/863768b5-3cf9-415c-b4fd-371dc5afee18.jpg?1783941781"
"rvr-20","Domri Rade Emblem","Emblem — Domri","","","","Creatures you control have double strike, trample, hexproof, and haste.","https://cards.scryfall.io/normal/front/b/9/b9e8b1fe-7a73-4a04-84fa-f0e4696c9121.jpg?1783913148"
"ecl-2","Elk","Token Creature — Elk","3","3","G","","https://cards.scryfall.io/normal/front/c/f/cf36b5f2-e699-41c0-ae89-23cd9c414b54.jpg?1783904328"
"uma-1","Citizen","Token Creature — Citizen","1","1","W","","https://cards.scryfall.io/normal/front/1/6/165164e7-5693-4d65-b789-8ed8a222365b.jpg?1783933883"
"ltr-7","Smaug","Token Legendary Creature — Dragon","6","6","R","Flying, haste When this creature dies, create fourteen Treasure tokens.","https://cards.scryfall.io/normal/front/1/6/16d2b87e-f8f9-4756-9ea2-64bc5c13bb96.jpg?1783916047"
"dft-2","Cat","Token Creature — Cat","1","1","W","Lifelink (Damage dealt by this creature also causes you to gain that much life.)","https://cards.scryfall.io/normal/front/9/0/902fba98-92b7-461b-ac6e-29cb2c4e307f.jpg?1783907681"
"ecc-2","Elemental","Token Creature — Elemental","4","4","W","Flying","https://cards.scryfall.io/normal/front/e/e/ee285548-04c8-4562-bf66-a0bb53acfe76.jpg?1783904333"
"tgrn-2","Soldier","Token Creature — Soldier","1","1","W","Lifelink","https://cards.scryfall.io/normal/front/2/0/20a9bda0-5673-4071-9201-83670a317f8a.jpg?1783913141"
"cmm-80","Elspeth, Sun's Champion Emblem","Emblem — Elspeth","","","","Creatures you control get +2/+2 and have flying.","https://cards.scryfall.io/normal/front/d/f/dffbc23b-23d3-4cc5-9ea2-fa3aab785ffe.jpg?1783915225"
"dsc-18","Wurm","Token Creature — Wurm","5","5","G","","https://cards.scryfall.io/normal/front/9/8/983253f0-fcf1-4c57-81eb-101f3495b6ae.jpg?1783909271"
"znc-5","Goblin Rogue","Token Creature — Goblin Rogue","1","1","B","","https://cards.scryfall.io/normal/front/1/7/17c0ae2b-1ae7-4e10-9e7b-6fdeda4355db.jpg?1783929248"
"scd-26","Ob Nixilis Reignited Emblem","Emblem — Nixilis","","","","Whenever a player draws a card, you lose 2 life.","https://cards.scryfall.io/normal/front/e/8/e817a5d7-0d65-4f23-be3d-74838764765c.jpg?1783918570"
"sld-2819","Ooze","Token Creature — Ooze","2","2","G","When this creature dies, create two 1/1 green Ooze creature tokens.","https://cards.scryfall.io/normal/front/2/1/21dfe90c-3383-4da5-9194-c6f7c2ba291c.jpg?1785303312"
"dsc-4","Shark","Token Creature — Shark","*","*","U","Flying","https://cards.scryfall.io/normal/front/8/b/8b32dec0-a3b6-4f64-9c02-2248ae33647c.jpg?1783909277"
"blc-14","Octopus","Token Creature — Octopus","8","8","U","","https://cards.scryfall.io/normal/front/9/f/9fc10475-5eaf-47ea-a45c-3948a632f365.jpg?1783909757"
"acr-4","Assassin","Token Creature — Assassin","1","1","B","Menace (This creature can't be blocked except by two or more creatures.)","https://cards.scryfall.io/normal/front/1/9/19cb2062-86f0-4ce3-b5fb-d3c310f36ec3.jpg?1783910887"
"dmu-3","Knight","Token Creature — Knight","2","2","W","Protection from red","https://cards.scryfall.io/normal/front/1/9/19e893e5-12a8-4ecb-adcd-9e7b26b01de2.jpg?1783921133"
"fin-20","Darkstar","Token Legendary Creature — Dog","2","2","BW","","https://cards.scryfall.io/normal/front/1/9/19faca08-0eef-4da4-ab6f-c3aed63ac77b.jpg?1783906131"
"tm3c-1","Eldrazi","Token Creature — Eldrazi","10","10","","","https://cards.scryfall.io/normal/front/4/d/4d88f2e5-eaff-4d23-ae6e-d118deb21bb5.jpg?1783903464"
"mh3-17","Phyrexian Wurm","Token Artifact Creature — Phyrexian Wurm","1","2","B","Deathtouch","https://cards.scryfall.io/normal/front/1/a/1a7800c9-6808-4f33-87ad-50ad8c79f2d7.jpg?1783911116"
"ecl-1","Shapeshifter","Token Creature — Shapeshifter","1","1","","Changeling","https://cards.scryfall.io/normal/front/c/2/c2963ce1-f9d8-437a-9489-e0913a8b8d26.jpg?1783904328"
"soc-15","Boar","Token Creature — Boar","2","2","G","","https://cards.scryfall.io/normal/front/3/2/32ffd1ae-8ce6-4e84-a496-ffcfdd0460bc.jpg?1783903571"
"ecc-9","Elemental","Token Creature — Elemental","5","5","GR","","https://cards.scryfall.io/normal/front/1/a/1ab6cab4-a3a5-4b48-832a-1d486e8094a5.jpg?1783904329"
"a25-8","Skeleton","Token Creature — Skeleton","1","1","B","{B}: Regenerate this creature.","https://cards.scryfall.io/normal/front/1/a/1abb1ab0-f8f4-44e8-b8a7-df37a8782e76.jpg?1783935207"
"soc-23","Pest","Token Creature — Pest","1","1","BG","When this creature dies, you gain 1 life.","https://cards.scryfall.io/normal/front/c/7/c72ceae7-72d6-41dc-82cc-b86e845d7aa6.jpg?1783903568"
"akh-22","Hippo","Token Creature — Hippo","3","3","G","","https://cards.scryfall.io/normal/front/1/a/1aea5e0b-dc4e-4055-9e13-1dfbc25a2f00.jpg?1783936411"
"dsk-11","Gremlin","Token Creature — Gremlin","1","1","R","","https://cards.scryfall.io/normal/front/d/9/d948b503-890a-49d5-a3cf-cb6e604851b8.jpg?1783909269"
"fdn-20","Raccoon","Token Creature — Raccoon","3","3","G","","https://cards.scryfall.io/normal/front/1/b/1b8d8730-d6bd-4525-96e9-0513ed02de37.jpg?1783908587"
"msh-24","Merfolk","Token Creature — Merfolk","1","1","U","","https://cards.scryfall.io/normal/front/7/f/7f7a4f95-f12b-4c28-a6f7-f3c64364abba.jpg?1783902797"
"blb-13","Rat","Token Creature — Rat","1","1","B","This creature gets +1/+1 for each other Rat you control.","https://cards.scryfall.io/normal/front/1/c/1c0977b2-3342-4b7e-b1c7-f06bd8ab7fbf.jpg?1783909768"
"drc-17","Energy Reserve","Card","","","","(Place your energy counters in this area.)","https://cards.scryfall.io/normal/front/6/a/6a2c1fa5-deed-48ba-afe4-6c8ea8d9135e.jpg?1783907668"
"m19-15","Ajani, Adversary of Tyrants Emblem","Emblem — Ajani","","","","At the beginning of your end step, create three 1/1 white Cat creature tokens with lifelink.","https://cards.scryfall.io/normal/front/1/c/1c97e5b2-a024-4aa7-a9b8-45f441aad138.jpg?1783934462"
"rex-1","Dinosaur","Token Creature — Dinosaur","3","3","G","Trample (This creature can deal excess combat damage to the player or planeswalker it's attacking.)","https://cards.scryfall.io/normal/front/2/0/20f22bef-e00f-461b-a75b-c5ad49865044.jpg?1783913603"
"fdn-25","Vivien Reid Emblem","Emblem — Vivien","","","","Creatures you control get +2/+2 and have vigilance, trample, and indestructible.","https://cards.scryfall.io/normal/front/a/8/a804d502-1092-4ff3-93d9-d1b0ac0f07d5.jpg?1783908586"
"gk1-3","Weird // Goblin","Token Creature — Weird // Token Creature — Goblin","","","","","https://cards.scryfall.io/normal/front/1/d/1d34ff67-24e1-4cf5-b032-8be6b83e0819.jpg?1783934009"
"cmm-64","Kor Ally","Token Creature — Kor Ally","1","1","W","","https://cards.scryfall.io/normal/front/2/e/2e820517-9895-47ba-a9d7-11ed807dcc6d.jpg?1783915235"
"takh-17","Warrior","Token Creature — Warrior","1","1","W","Vigilance","https://cards.scryfall.io/normal/front/7/7/7728b4ea-4288-4699-b45f-21beb327d4ce.jpg?1783913130"
"clb-34","Goblin","Token Creature — Goblin","1","1","R","Creatures you control attack each combat if able.","https://cards.scryfall.io/normal/front/1/d/1db51576-a755-45de-b37b-f16b27e8f3a1.jpg?1783922311"
"tla-12","Bear","Token Creature — Bear","4","4","G","","https://cards.scryfall.io/normal/front/1/d/1dbbdb0f-57a4-4b85-ba5c-1383f0efb3af.jpg?1783904746"
"clb-31","Horror","Token Creature — Horror","1","1","B","","https://cards.scryfall.io/normal/front/1/d/1ddf9fb5-473f-44a2-98bd-93b4f7478d4f.jpg?1783922311"
"drc-2","Vizier of Many Faces","Token Creature — Zombie Shapeshifter Cleric","0","0","W","You may have Vizier of Many Faces enter the battlefield as a copy of any creature on the battlefield, except has no mana cost, it's white, and it's a Zombie in addition to its other types.","https://cards.scryfall.io/normal/front/2/0/208b09fc-985b-49f5-8af8-27cb590946ae.jpg?1783907676"
"twoe-7","Rat","Token Creature — Rat","1","1","B","This token can't block.","https://cards.scryfall.io/normal/front/2/e/2edc9c4b-0f50-46cd-87f0-4bd3c73bd117.jpg?1783903470"
"tstx-8","Lukka, Wayward Bonder Emblem","Emblem","","","","Whenever a creature enters the battlefield under your control, it deals damage equal to its power to any target.","https://cards.scryfall.io/normal/front/2/8/28427ccd-d106-4388-835b-aee29288fc40.jpg?1783913137"
"tdm-3","Monk","Token Creature — Monk","1","1","W","Prowess","https://cards.scryfall.io/normal/front/6/3/633d2d10-def7-426f-8496-ed6b45684299.jpg?1783906788"
"eoe-2","Human Soldier","Token Creature — Human Soldier","1","1","W","","https://cards.scryfall.io/normal/front/6/3/631c2c16-132d-4607-ab7e-207a6af188e5.jpg?1783905788"
"lcc-7","Ragavan","Token Legendary Creature — Monkey","2","1","R","","https://cards.scryfall.io/normal/front/e/f/ef2891b2-56a0-40f4-a992-d9866451f946.jpg?1783913613"
"2xm-29","Wurm","Token Artifact Creature — Wurm","3","3","","Deathtouch","https://cards.scryfall.io/normal/front/b/6/b68e816f-f9ac-435b-ad0b-ceedbe72447a.jpg?1783930224"
"mh3-10","Fish","Token Creature — Fish","3","3","U","When this creature dies, create a 6/6 blue Whale creature token with ""When this creature dies, create a 9/9 blue Kraken creature token.""","https://cards.scryfall.io/normal/front/e/0/e081becb-40f1-4151-aea3-5a9a9bd672c6.jpg?1783911117"
"rvr-13","Wurm","Token Creature — Wurm","6","6","G","","https://cards.scryfall.io/normal/front/a/f/afcaaab8-47be-43a7-a6cf-dea6dedece0e.jpg?1783913153"
"one-7","Phyrexian Horror","Token Creature — Phyrexian Horror","*","*","G","","https://cards.scryfall.io/normal/front/1/f/1f5fc2cb-a172-418a-a0f3-1a63a5f1aa2c.jpg?1783918168"
"eoc-13","Golem","Token Enchantment Artifact Creature — Golem","3","3","","","https://cards.scryfall.io/normal/front/5/1/51cfd1dc-b7f8-418b-9a7a-76d887f83929.jpg?1783905789"
"fin-16","Bird","Token Creature — Bird","2","2","G","Whenever a land you control enters, this token gets +1/+0 until end of turn.","https://cards.scryfall.io/normal/front/1/f/1fbc471d-5948-47fc-b7cc-81cc13a4cd15.jpg?1783906133"
"40k-9","Tyranid Gargoyle","Token Creature — Tyranid Gargoyle","1","1","U","Flying","https://cards.scryfall.io/normal/front/2/0/20171707-0670-42dd-a6c4-f0aa56fc0cd1.jpg?1783920666"
"rvr-15","Elf Knight","Token Creature — Elf Knight","2","2","GW","Vigilance","https://cards.scryfall.io/normal/front/2/0/204b3adf-e76b-4ce9-b84d-b4e65b7054d4.jpg?1783913151"
"fic-10","Foretell","Card","","","","(After you foretell a card, you can place the exiled card here. You may cast it on a later turn for its foretell cost.)","https://cards.scryfall.io/normal/front/2/0/207b3d62-2541-4a51-8152-3c54218ab6f7.jpg?1783906140"
"fin-34","Moogle","Token Creature — Moogle","1","2","W","Lifelink","https://cards.scryfall.io/normal/front/2/0/20a709d5-4be5-487b-bfba-4b1821f2ebd3.jpg?1783906125"
"eoc-4","Insect","Token Creature — Insect","1","1","B","Flying","https://cards.scryfall.io/normal/front/2/1/2172a126-2ea6-4b5c-84c2-7879c1982a3a.jpg?1783905793"
"mkm-13","Voja Fenstalker","Token Legendary Creature — Wolf","5","5","GW","Trample","https://cards.scryfall.io/normal/front/2/1/2175200f-3ed4-4b39-ac76-a7d25967aa8a.jpg?1783912604"
"40k-18","Tyranid","Token Creature — Tyranid","5","5","G","","https://cards.scryfall.io/normal/front/2/1/21afb029-9aef-4e6e-a646-3343605b4bb7.jpg?1783920658"
"ltc-13","Treefolk","Token Creature — Treefolk","*","*","G","","https://cards.scryfall.io/normal/front/b/f/bf661b43-53eb-4e51-8152-420f6d8c925f.jpg?1783916059"
"40k-17","Tyranid","Token Creature — Tyranid","1","1","G","","https://cards.scryfall.io/normal/front/2/1/21e0620b-0498-407f-a609-79c7bc393e76.jpg?1783920660"
"f17-11","Dinosaur // Treasure","Token Creature — Dinosaur // Token Artifact — Treasure","","","","","https://cards.scryfall.io/normal/front/2/1/21f5880d-6272-4ba8-bdf8-f9a7e54a3336.jpg?1783936801"
"soc-21","Elemental","Token Creature — Elemental","1","1","RU","","https://cards.scryfall.io/normal/front/2/2/222b8394-20e7-4808-8eec-cb048f548055.jpg?1783903569"
"blb-4","Wall","Token Creature — Wall","0","4","W","Defender","https://cards.scryfall.io/normal/front/2/2/229a41de-91dd-4696-bfc1-10d702787c3e.jpg?1783909772"
"mkm-19","Thopter","Token Artifact Creature — Thopter","0","0","","Flying","https://cards.scryfall.io/normal/front/2/2/22ad97f4-cc41-493c-9848-c06f3cf778c7.jpg?1783912603"
"fdn-5","Rabbit","Token Creature — Rabbit","1","1","W","","https://cards.scryfall.io/normal/front/6/3/63ae4f9c-ad6e-4d6a-89f1-653916bf5373.jpg?1783908592"
"ecc-6","Rhino Warrior","Token Creature — Rhino Warrior","4","4","G","","https://cards.scryfall.io/normal/front/8/f/8f4188d4-a371-49be-ad33-ad87801ba99d.jpg?1783904331"
"moc-25","Gremlin","Token Artifact Creature — Gremlin","0","0","R","","https://cards.scryfall.io/normal/front/2/3/23854999-2691-491c-aa7d-81f269e23b4e.jpg?1783916647"
"acr-8","A Mysterious Creature","Creature","2","2","","You can cover a face-down creature with this reminder card. A face-down creature that was cloaked or cast with disguise has ward {2}. (Whenever that creature becomes the target of a spell or ability an opponent controls, counter it unless that player pays {2}.)","https://cards.scryfall.io/normal/front/c/7/c76a6163-6fd9-4cdf-9b14-07f75c2f0fa1.jpg?1783910885"
"akh-19","Insect","Token Creature — Insect","1","1","B","","https://cards.scryfall.io/normal/front/2/4/242c381e-df58-4365-a68c-add1127a83cc.jpg?1783936411"
"dmu-26","Jaya, Fiery Negotiator Emblem","Emblem","","","","Whenever you cast a red instant or sorcery spell, copy it twice. You may choose new targets for the copies.","https://cards.scryfall.io/normal/front/2/4/243a5830-d7a0-46c9-98c0-4d1dfc3ebc8c.jpg?1783921122"
"tdm-14","Elephant","Token Creature — Elephant","5","5","G","","https://cards.scryfall.io/normal/front/2/4/243bcfa9-0310-4d68-9864-df46069906fa.jpg?1783906782"
"m3c-5","Spirit","Token Creature — Spirit","2","2","","","https://cards.scryfall.io/normal/front/3/d/3df8b9f6-f500-4bd5-b53e-c457c6cf0052.jpg?1783911127"
"cmr-10","Horror","Token Artifact Creature — Horror","*","*","","","https://cards.scryfall.io/normal/front/7/d/7db68985-a1d5-4bd5-bfc6-c7208689d7df.jpg?1783928586"
"who-48","Alien Salamander","Token Creature — Alien Salamander","2","2","G","Islandwalk","https://cards.scryfall.io/normal/front/2/4/248f247c-edb7-438a-b004-be3d4fcd3d3f.jpg?1783914701"
"ncc-25","Ooze","Token Creature — Ooze","1","1","G","","https://cards.scryfall.io/normal/front/2/6/26e205aa-6d29-4067-8b20-f3da72511b21.jpg?1783923169"
"msc-31","Vibranium","Token Artifact — Vibranium","","","","Indestructible {T}: Add {C}. This mana can't be spent to cast a nonartifact spell.","https://cards.scryfall.io/normal/front/2/5/252ff4c7-758e-4ceb-aed1-ef15a94e245e.jpg?1783902805"
"m15-11","Treefolk Warrior","Token Creature — Treefolk Warrior","*","*","G","This creature's power and toughness are each equal to the number of Forests you control.","https://cards.scryfall.io/normal/front/2/5/2569593a-d2f2-414c-9e61-2c34e8a5832d.jpg?1783939140"
"trk-1","Human","Token Creature — Human","0","1","W","Permanents can't phase in.","https://cards.scryfall.io/normal/front/2/5/25b0644d-4934-4495-9b6e-c31d1d10c298.jpg?1784177188"
"soc-17","Fungus Beast","Token Creature — Fungus Beast","4","4","G","Trample","https://cards.scryfall.io/normal/front/2/6/2646dda1-05f0-49e4-b610-19205784b3b0.jpg?1783903570"
"mh3-28","Spirit","Token Creature — Spirit","1","1","BW","Flying","https://cards.scryfall.io/normal/front/e/f/ef77c8eb-aa24-46d5-8036-6651c7602383.jpg?1783911111"
"inr-17","Treefolk","Token Creature — Treefolk","*","*","G","Reach This creature's power and toughness are each equal to the number of lands you control.","https://cards.scryfall.io/normal/front/2/6/26981595-edf3-4f22-b2f0-fe0052408f8c.jpg?1783907966"
"ths-6","Harpy","Token Creature — Harpy","1","1","B","Flying","https://cards.scryfall.io/normal/front/2/6/26b24bbe-f5bc-44d3-b716-6612d39b07bc.jpg?1783939700"
"fdn-13","Scion of the Deep","Token Legendary Creature — Octopus","8","8","U","","https://cards.scryfall.io/normal/front/2/6/26c478f7-b426-4055-8d06-e5782226c826.jpg?1783908590"
"ptdmu-2","Angel","Token Creature — Angel","*","*","W","","https://cards.scryfall.io/normal/front/2/7/2709c1bc-c5bd-42b8-9157-cb6e798d99be.jpg?1783921119"
"med-g3","Construct","Token Artifact Creature — Construct","1","1","","Defender","https://cards.scryfall.io/normal/front/2/7/277c8c56-11a6-4aff-aaee-b9572cc7c6ef.jpg?1783934210"
"cmr-5","Thrull","Token Creature — Thrull","0","1","B","","https://cards.scryfall.io/normal/front/b/9/b9f3042b-784c-4006-9bf1-60a323e60c5c.jpg?1783928591"
"tdc-32","Soldier","Token Artifact Creature — Soldier","1","1","","","https://cards.scryfall.io/normal/front/a/3/a35d32fd-8dd5-41eb-a75f-3c9bc45b23bb.jpg?1783906791"
"ugl-93","Sheep","Token Creature — Sheep","2","2","G","","https://cards.scryfall.io/normal/front/2/8/281d2c14-2343-44c9-a589-7f4da37978a2.jpg?1783946413"
"gk1-11","Voja // Saproling","Token Legendary Creature — Wolf // Token Creature — Saproling","","","","","https://cards.scryfall.io/normal/front/2/8/2879010f-b752-4808-8531-d24e612de0d9.jpg?1783934008"
"brc-9","Mishra's Warform","Token Artifact Creature — Construct","4","4","","(This token has the abilities and other types of the copied artifact.)","https://cards.scryfall.io/normal/front/2/8/287ccbc9-2ffa-4fb3-97d8-2bd469c9411a.jpg?1783919915"
"fdn-1","Cat","Token Creature — Cat","1","1","W","","https://cards.scryfall.io/normal/front/2/8/2885d54c-9fb2-4f01-8937-54f8ac1ce5bc.jpg?1783908593"
"hou-9","Sunscourge Champion","Token Creature — Zombie Human Wizard","4","4","B","When Sunscourge Champion enters the battlefield, you gain life equal to its power.","https://cards.scryfall.io/normal/front/2/8/289a9593-151e-47d0-b0de-5eb9f061515a.jpg?1783936066"
"afr-16","Ellywick Tumblestrum Emblem","Emblem — Ellywick","","","","Creatures you control have trample and haste and get +2/+2 for each differently named dungeon you've completed.","https://cards.scryfall.io/normal/front/2/8/289bd243-8754-49f8-a4f9-0be477c84ee1.jpg?1783926341"
"tblb-7","Fish","Token Creature — Fish","1","1","U","","https://cards.scryfall.io/normal/front/c/5/c5a8b2c9-c933-4b91-afc0-b211145a348e.jpg?1783903469"
"akh-21","Beast","Token Creature — Beast","4","2","G","","https://cards.scryfall.io/normal/front/2/9/29b7ecd1-c70e-467c-a9ea-99c2668c3405.jpg?1783936411"
"m21-13","Weird","Token Creature — Weird","*","*","RU","","https://cards.scryfall.io/normal/front/2/a/2a0d9c67-69ee-48c4-af4c-18cc3c2ef3cd.jpg?1783930589"
"cm2-4","Knight","Token Creature — Knight","2","2","W","First strike","https://cards.scryfall.io/normal/front/a/0/a0c79cdb-969b-4c3b-8ad0-cbbd359a966b.jpg?1783934663"
"ptbro-3","Artifact Zombie","Token Artifact Creature — Zombie","*","*","","","https://cards.scryfall.io/normal/front/2/a/2a76c642-d1b4-404a-82d6-47dfec8cacd3.jpg?1783919881"
"tori-13","Liliana, Defiant Necromancer Emblem","Emblem — Liliana","","","","Whenever a creature dies, return it to the battlefield under your control at the beginning of the next end step.","https://cards.scryfall.io/normal/front/2/a/2aee1ed1-a435-4a9a-aad0-d0a90468f040.jpg?1783913133"
"soc-22","Inkling","Token Creature — Inkling","2","1","BW","Flying","https://cards.scryfall.io/normal/front/b/2/b2ef67fc-b544-4fb3-8362-a29d4533fdd7.jpg?1783903569"
"khm-20","Kaya the Inexorable Emblem","Emblem","","","","At the beginning of your upkeep, you may cast a legendary spell from your hand, from your graveyard, or from among cards you own in exile without paying its mana cost.","https://cards.scryfall.io/normal/front/2/b/2b149bbf-5d2a-4f7e-aa87-23edd5848cde.jpg?1783928077"
"lci-10","Dinosaur","Token Creature — Dinosaur","3","3","G","","https://cards.scryfall.io/normal/front/2/b/2bbb7151-cf71-49bc-8d99-b0230d5465e5.jpg?1783913607"
"m14-12","Liliana of the Dark Realms Emblem","Emblem — Liliana","","","","Swamps you control have '{T}: Add {B}{B}{B}{B}.'","https://cards.scryfall.io/normal/front/f/3/f327de6e-c9f1-478d-9940-b500df8cef10.jpg?1783939881"
"mom-11","Phyrexian Hydra","Token Creature — Phyrexian Hydra","3","3","GW","Reach","https://cards.scryfall.io/normal/front/2/b/2bff78d9-7c4c-4b3b-a485-5328e985315b.jpg?1783916668"
"blb-30","Ral, Crackling Wit Emblem","Emblem","","","","Instant and sorcery spells you cast have storm.","https://cards.scryfall.io/normal/front/2/c/2c4c9934-fe82-4560-b0bf-0ebc863ff0d1.jpg?1783909761"
"eoc-15","Incubator // Phyrexian","Token Artifact — Incubator // Token Artifact Creature — Phyrexian","","","","","https://cards.scryfall.io/normal/front/c/5/c5229eb0-9356-43a6-9b1b-6366f3c1e405.jpg?1783905793"
"clb-20","Undercity // The Initiative","Dungeon — Undercity","","","","","https://cards.scryfall.io/normal/front/2/c/2c65185b-6cf0-451d-985e-56aa45d9a57d.jpg?1784523473"
"tsr-15","Metallic Sliver","Token Artifact Creature — Sliver","1","1","","","https://cards.scryfall.io/normal/front/2/c/2c7e0d67-b627-4cf7-8f56-e1f0bd75cd5c.jpg?1783927689"
"fic-5","Squid","Token Creature — Squid","1","1","U","Islandwalk (This creature can't be blocked as long as defending player controls an Island.)","https://cards.scryfall.io/normal/front/6/6/660d8e43-13e1-464b-b251-c7c2d77732ca.jpg?1783906141"
"cmm-60","Avacyn","Token Legendary Creature — Angel","8","8","W","Flying, vigilance, indestructible","https://cards.scryfall.io/normal/front/2/c/2c8730fb-59ca-4cf7-96a4-d6ba3f6f2fbe.jpg?1783915237"
"who-34","Alien","Token Creature — Alien","2","2","W","","https://cards.scryfall.io/normal/front/2/c/2ce150eb-7d3d-4882-8e1a-2eafe9d9b356.jpg?1783914720"
"lcc-5","Pirate","Token Creature — Pirate","2","2","B","Menace (This creature can't be blocked except by two or more creatures.)","https://cards.scryfall.io/normal/front/a/e/ae3cbd25-2a67-499b-9613-d2c72ae87c2e.jpg?1783913615"
"tsr-6","Spider","Token Creature — Spider","2","4","B","Reach","https://cards.scryfall.io/normal/front/9/6/96e8f429-5a66-4bcd-8a1f-69f9b79c0f5b.jpg?1783927696"
"ust-6","Thopter // Thopter","Token Artifact Creature — Thopter // Token","","","","","https://cards.scryfall.io/normal/front/2/d/2d844ee2-20a0-4071-bc2c-4a58ab1dc07f.jpg?1783935360"
"eoc-14","Golem","Token Artifact Creature — Golem","9","9","","","https://cards.scryfall.io/normal/front/f/2/f2f589ac-991f-4f26-8fd4-0d903683f15a.jpg?1783905788"
"m3c-10","Beast","Token Creature — Beast","3","3","B","Deathtouch","https://cards.scryfall.io/normal/front/b/5/b56fd392-17c2-43d5-a92d-3f91beb8adfb.jpg?1783911126"
"tla-11","Soldier","Token Creature — Soldier","2","2","R","Firebending 1 (Whenever this token attacks, add {R}. This mana lasts until end of combat.)","https://cards.scryfall.io/normal/front/2/d/2de43b03-9ac5-4292-ab29-2dc6210ef3d9.jpg?1783904746"
"drc-9","Zombie Warrior","Token Creature — Zombie Warrior","4","4","B","Vigilance","https://cards.scryfall.io/normal/front/f/e/feddb610-e327-4592-8a81-66f8613c1daf.jpg?1783907673"
"f18-1","Merfolk // Treasure","Token Creature — Merfolk // Token Artifact — Treasure","","","","","https://cards.scryfall.io/normal/front/2/e/2e20d047-0d43-4709-919c-0b0f714e9903.jpg?1783935355"
"tm21-3","Griffin","Token Creature — Griffin","2","2","W","Flying","https://cards.scryfall.io/normal/front/f/2/f20992a9-7ea7-454d-aac6-ff6928eb80b5.jpg?1783913125"
"dsc-15","Phyrexian Beast","Token Creature — Phyrexian Beast","4","4","G","","https://cards.scryfall.io/normal/front/c/b/cb06a798-4808-476b-bc0f-1f432b431464.jpg?1783909272"
"lci-8","Skeleton Pirate","Token Creature — Skeleton Pirate","2","2","B","","https://cards.scryfall.io/normal/front/2/e/2ec83fe2-173b-4aa6-bfa1-892b092bd1f6.jpg?1783913607"
"ecl-7","Kithkin","Token Creature — Kithkin","1","1","GW","","https://cards.scryfall.io/normal/front/2/e/2ed11e1b-2289-48d2-8d96-ee7e590ecfd4.jpg?1783904325"
"blb-12","Iridescent Vinelasher","Token Creature — Lizard Assassin","1","1","B","Landfall — Whenever a land you control enters, this creature deals 1 damage to target opponent. (This token's mana cost is {B}.)","https://cards.scryfall.io/normal/front/2/f/2f55c677-dc14-4ae3-9518-0d80b528c3fb.jpg?1783909768"
"ltr-5","Orc Army","Token Creature — Orc Army","0","0","B","","https://cards.scryfall.io/normal/front/2/f/2f8b43e8-dd89-452e-b572-8559e19fdea2.jpg?1783916049"
"tmkc-21","Tiny","Token Legendary Creature — Dog Detective","2","2","G","Trample","https://cards.scryfall.io/normal/front/b/3/b387ee34-f68a-44ce-a648-20a2f266c80f.jpg?1783906762"
"lci-15","Vampire Demon","Token Creature — Vampire Demon","4","3","BW","Flying","https://cards.scryfall.io/normal/front/3/0/3005eb0a-5c96-4a07-a6b9-a907d1095cdf.jpg?1783913605"
"m15-12","Land Mine","Token Artifact","","","","{R}, Sacrifice this artifact: This artifact deals 2 damage to target attacking creature without flying.","https://cards.scryfall.io/normal/front/3/0/30093c6e-505e-4902-b535-707e364059b4.jpg?1783939138"
"ema-15","Goblin Soldier","Token Creature — Goblin Soldier","1","1","RW","","https://cards.scryfall.io/normal/front/3/0/3022b41d-05c1-452e-a1cd-5ec5a7f4d79d.jpg?1783937528"
"mkm-10","Detective","Token Creature — Detective","2","2","UW","","https://cards.scryfall.io/normal/front/3/0/30a109aa-99d4-4cfe-a9b1-1b40db5b7885.jpg?1783912606"
"eoc-2","Shapeshifter","Token Creature — Shapeshifter","*","*","","Changeling (This token is every creature type.) Deathtouch","https://cards.scryfall.io/normal/front/3/0/30f46500-172a-40ce-9f8e-3738e764e3fa.jpg?1783905792"
"who-37","Human","Token Creature — Human","1","1","W","Doctor spells you cast cost {1} less to cast.","https://cards.scryfall.io/normal/front/3/0/30fe939f-c680-403f-a5be-0f0cca020ef2.jpg?1783914709"
"uma-7","Wurm","Token Creature — Wurm","6","6","B","Trample","https://cards.scryfall.io/normal/front/3/1/31107acf-5969-42ff-a805-9152f439b7fa.jpg?1783933880"
"tdc-8","Salamander Warrior","Token Creature — Salamander Warrior","4","3","U","","https://cards.scryfall.io/normal/front/e/8/e83a33d7-b5ff-4a9e-8be4-10a46771f44b.jpg?1783906806"
"cmm-79","Chandra, Torch of Defiance Emblem","Emblem — Chandra","","","","Whenever you cast a spell, this emblem deals 5 damage to any target.","https://cards.scryfall.io/normal/front/3/1/3143984b-9798-4062-9a91-8ee139c3448e.jpg?1783915226"
"40k-23","Robot","Token Artifact Creature — Robot","4","4","","This creature can't block.","https://cards.scryfall.io/normal/front/3/1/319aaaae-1efb-412c-8839-c575a2694485.jpg?1783920655"
"blb-1","Flowerfoot Swordmaster","Token Creature — Mouse Soldier","1","1","W","Valiant — Whenever this creature becomes the target of a spell or ability you control for the first time each turn, Mice you control get +1/+0 until end of turn. (This token's mana cost is {W}.)","https://cards.scryfall.io/normal/front/3/1/31c977b7-12cb-4e6f-8260-a7399b60940f.jpg?1783909772"
"otj-2","Angel","Token Creature — Angel","3","3","W","Flying","https://cards.scryfall.io/normal/front/d/3/d3d8c502-e053-425f-ba40-27a627ca12a0.jpg?1783911529"
"lcc-16","Sorin, Lord of Innistrad Emblem","Emblem — Sorin","","","","Creatures you control get +1/+0.","https://cards.scryfall.io/normal/front/f/6/f6719a3f-4bd1-4f4f-b4c2-0d1fa7694732.jpg?1783913611"
"blc-18","Storm Crow","Token Creature — Bird","1","2","U","Flying","https://cards.scryfall.io/normal/front/d/4/d4498fac-e345-4cea-8d7e-7e0759600f33.jpg?1783909758"
"otj-11","Scorpion Dragon","Token Creature — Scorpion Dragon","4","4","R","Flying, haste","https://cards.scryfall.io/normal/front/3/3/334178bb-970b-4f5a-af9b-1729eab65808.jpg?1783911526"
"rvr-14","Beast","Token Creature — Beast","4","4","GR","Trample","https://cards.scryfall.io/normal/front/3/3/33521793-69f2-4a95-a4da-d28add4e5e93.jpg?1783913152"
"lci-13","Golem","Token Artifact Creature — Golem","4","4","UW","","https://cards.scryfall.io/normal/front/3/3/33a88096-dcfd-4acb-a092-b51507edd13e.jpg?1783913606"
"mom-22","Teferi Akosa of Zhalfir Emblem","Emblem","","","","Knights you control get +1/+0 and have ward {1}.","https://cards.scryfall.io/normal/front/3/3/33aefd66-d1d2-44fd-a2cc-8661291c407e.jpg?1783916664"
"mh3-24","Spellgorger Weird","Token Creature — Weird","2","2","R","Whenever you cast a noncreature spell, put a +1/+1 counter on this creature. (This token's mana cost is {2}{R}.)","https://cards.scryfall.io/normal/front/3/3/33b63bd0-0b61-4a87-928f-95fc6b5a3150.jpg?1783911112"
"dsc-19","Wurm","Token Creature — Wurm","5","5","G","Trample","https://cards.scryfall.io/normal/front/5/4/54d5e60d-559d-49e0-a65e-80db721b142a.jpg?1783909271"
"who-52","Dinosaur","Token Creature — Dinosaur","2","2","RW","Flying, haste","https://cards.scryfall.io/normal/front/3/4/3406b2d4-d227-4b03-801f-38230161c708.jpg?1783914700"
"dft-13","Chandra, Spark Hunter Emblem","Emblem","","","","Whenever an artifact you control enters, this emblem deals 3 damage to any target.","https://cards.scryfall.io/normal/front/3/4/343d2622-a5a6-4195-ab41-c6bd17e334a2.jpg?1783907677"
"bro-1","Spirit","Token Creature — Spirit","2","2","U","Vigilance Whenever you draw a card, put a +1/+1 counter on this creature.","https://cards.scryfall.io/normal/front/3/4/349e3241-8f9d-4c52-9848-e01b575fd372.jpg?1783919911"
"ddt-2","Wall","Token Creature — Wall","5","5","U","Defender","https://cards.scryfall.io/normal/front/3/5/353aaec9-79fb-4b83-b4f4-8c7dc2a6b1c1.jpg?1783935621"
"ala-2","Homunculus","Token Artifact Creature — Homunculus","0","1","U","","https://cards.scryfall.io/normal/front/3/5/3546df95-926d-421d-a763-e559a1847273.jpg?1783942526"
"2x2-24","Wrenn and Six Emblem","Emblem — Wrenn","","","","Instant and sorcery cards in your graveyard have retrace. (You may cast instant and sorcery cards from your graveyard by discarding a land card in addition to paying their other costs.)","https://cards.scryfall.io/normal/front/3/5/35578c3f-e818-4887-83c4-dc3a89e28ed4.jpg?1783921672"
"eld-9","Boar","Token Creature — Boar","1","1","G","When this creature dies, create a Food token.","https://cards.scryfall.io/normal/front/3/6/365b2234-c29d-42db-a8e0-80685a4b6434.jpg?1783932482"
"dsk-10","Horror","Token Enchantment Creature — Horror","2","2","B","","https://cards.scryfall.io/normal/front/3/6/36bb6907-e7d7-4f99-966a-ab09ca130fb8.jpg?1783909264"
"drc-11","Beast","Token Artifact Creature — Beast","6","6","","","https://cards.scryfall.io/normal/front/3/6/36f13ff0-fa4d-42c0-9dd9-7448879f1b1b.jpg?1783907673"
"fdn-11","Koma's Coil","Token Creature — Serpent","3","3","U","","https://cards.scryfall.io/normal/front/c/e/cef25434-cd23-4dcf-b77e-36e648a8de23.jpg?1783908590"
"tdc-19","Karox Bladewing","Token Legendary Creature — Dragon","4","4","R","Flying","https://cards.scryfall.io/normal/front/3/7/37316fc0-83cc-4f53-afc3-6f3235776239.jpg?1783906799"
"znc-4","Germ","Token Creature — Germ","0","0","B","","https://cards.scryfall.io/normal/front/3/7/377d9749-3d78-4a33-93d1-2e673f6e2e28.jpg?1783929249"
"fdn-21","Insect","Token Creature — Insect","1","1","BG","Flying","https://cards.scryfall.io/normal/front/5/9/59c2cbd7-79bb-4d93-b2b6-5d3abe88a012.jpg?1783908587"
"tla-10","Monk","Token Creature — Monk","1","1","R","Prowess (Whenever you cast a noncreature spell, this creature gets +1/+1 until end of turn.)","https://cards.scryfall.io/normal/front/e/4/e49c80ac-5c90-4fd2-ad40-cc77af160f64.jpg?1783904746"
"who-56","Cyberman","Artifact Creature — Cyberman","2","2","","(You can cover a face-down creature that has become a Cyberman with this reminder card. It's a 2/2 Cyberman artifact creature.)","https://cards.scryfall.io/normal/front/3/9/392db1d2-9d75-4d19-88e0-9b0ffdc88541.jpg?1783914699"
"war-17","Voja, Friend to Elves","Token Legendary Creature — Wolf","3","3","GW","","https://cards.scryfall.io/normal/front/3/9/39475e91-1e71-4546-ae4a-47ea66e47536.jpg?1783933348"
"spm-4","Human Citizen","Token Creature — Human Citizen","1","1","GW","","https://cards.scryfall.io/normal/front/3/9/398fbcd8-fac7-4396-9c69-5c72695121a9.jpg?1783905184"
"ecl-4","Elf","Token Creature — Elf","2","2","BG","","https://cards.scryfall.io/normal/front/3/9/39b36f22-21f9-44fe-8a49-bdc859503342.jpg?1783904327"
"otc-7","Assassin","Token Creature — Assassin","1","1","B","Deathtouch, haste","https://cards.scryfall.io/normal/front/3/a/3a0d35d2-1e30-4aba-abf5-4ac2707c9ea3.jpg?1783911682"
"who-13","Human Rogue","Token Creature — Human Rogue","2","2","B","","https://cards.scryfall.io/normal/front/3/a/3a8b8e1c-ea36-4b5a-91a0-a15d109cc25a.jpg?1783914716"
"f12-1a","Human // Wolf","Token Creature — Human // Token Creature — Wolf","","","","","https://cards.scryfall.io/normal/front/3/a/3a98c51f-c55c-4bd9-853b-65b8bad5a29f.jpg?1783940873"
"tkhm-21","Tibalt, Cosmic Impostor Emblem","Emblem","","","","You may play cards exiled with Tibalt, Cosmic Impostor, and you may spend mana as though it were mana of any color to cast those spells.","https://cards.scryfall.io/normal/front/3/a/3ab2afd6-db73-4d8e-9ab6-7e035f679d59.jpg?1783913129"
"dmr-12","Sheep","Token Creature — Sheep","0","1","G","","https://cards.scryfall.io/normal/front/3/a/3acb4442-e7e5-482b-9ce8-f1af8069114e.jpg?1783918310"
"blb-2","Intrepid Rabbit","Token Creature — Rabbit Soldier","1","1","W","When this creature enters, target creature you control gets +1/+1 until end of turn. (This token's mana cost is {2}{W}.)","https://cards.scryfall.io/normal/front/3/b/3b1cd58d-c0bc-48e5-b6fa-fb222fba77ab.jpg?1783909772"
"snc-4","Fish","Token Creature — Fish","1","1","U","This creature can't be blocked.","https://cards.scryfall.io/normal/front/3/b/3b2e726b-f124-43f7-87e4-bb06bbe8e3d7.jpg?1783922964"
"who-32","Osgood, Operation Double","Token Creature — Human Alien Shapeshifter","2","2","U","{T}: Add {C}. Spend this mana only to cast an artifact spell or activate an ability of an artifact. Paradox — Whenever you cast a spell from anywhere other than your hand, investigate. (This token's mana cost is {2}{U}{U}.)","https://cards.scryfall.io/normal/front/3/b/3b3d0482-c747-4eca-947b-9af1a2cc9b29.jpg?1783914709"
"clb-32","Warrior","Token Creature — Warrior","2","1","B","","https://cards.scryfall.io/normal/front/8/8/883ac854-ee35-418a-9d4e-c30ba2a5ade8.jpg?1783922311"
"clb-25","Angel Warrior","Token Creature — Angel Warrior","4","4","W","Flying, vigilance","https://cards.scryfall.io/normal/front/a/2/a2db6fe1-b6ec-43ca-933f-dbab4cd08064.jpg?1783922316"
"eld-10","Giant","Token Creature — Giant","7","7","G","","https://cards.scryfall.io/normal/front/3/c/3c1debc4-0b12-4848-b551-90680ab8c0ab.jpg?1783932481"
"snc-6","Ogre Warrior","Token Creature — Ogre Warrior","4","3","B","","https://cards.scryfall.io/normal/front/3/c/3ca43425-d007-4181-9182-18dc01ad7e90.jpg?1783922963"
"med-g7","Teferi, Hero of Dominaria Emblem","Emblem — Teferi","","","","Whenever you draw a card, exile target permanent an opponent controls.","https://cards.scryfall.io/normal/front/3/c/3caeb24f-b4b3-4ede-9bee-4b4272b2bbcd.jpg?1783934206"
"inr-9","Wolf","Token Creature — Wolf","1","1","B","Deathtouch","https://cards.scryfall.io/normal/front/f/5/f5561f57-34e2-4c01-8094-0ecb101c7fa1.jpg?1783907968"
"soc-20","Elemental","Token Creature — Elemental","4","4","RU","","https://cards.scryfall.io/normal/front/8/b/8ba20bb4-a476-448d-bb39-23f8dd59e5a8.jpg?1783903570"
"ecl-11","Mutavault","Token Land","","","","{T}: Add {C}. {1}: This token becomes a 2/2 creature with all creature types until end of turn. It's still a land.","https://cards.scryfall.io/normal/front/3/d/3d2f5d31-a1c6-465f-b518-b40acdfab8aa.jpg?1783904323"
"cn2-3","Soldier","Token Creature — Soldier","1","2","W","Defender","https://cards.scryfall.io/normal/front/3/d/3d5c2f87-f0c9-4188-9b20-1c2a1d3c4f45.jpg?1783937276"
"mkc-9","Tentacle","Token Creature — Tentacle","1","1","U","","https://cards.scryfall.io/normal/front/8/7/870375a1-4d19-4ec6-9e90-6c69eed8302f.jpg?1783912617"
"khm-17","Icy Manalith","Token Snow Artifact","","","","{T}: Add one mana of any color.","https://cards.scryfall.io/normal/front/3/d/3db39e3b-fad4-4c9b-911f-69883ac7e0e1.jpg?1783928078"
"clb-50","Will Kenrith Emblem","Emblem — Will","","","","Whenever you cast an instant or sorcery spell, copy it. You may choose new targets for the copy.","https://cards.scryfall.io/normal/front/3/d/3de08752-9fc4-4e6b-b30b-2d9d33a1e37b.jpg?1783922302"
"tdc-26","Citizen","Token Creature — Citizen","1","1","GW","","https://cards.scryfall.io/normal/front/4/0/40135aa8-d531-427d-ab5c-9a2192f61bf9.jpg?1783906796"
"soc-11","Snake","Token Creature — Snake","1","1","B","Deathtouch","https://cards.scryfall.io/normal/front/6/2/62340bbb-cff0-48c1-8854-235340e80477.jpg?1783903573"
"eoe-3","Drone","Token Artifact Creature — Drone","1","1","","Flying This token can block only creatures with flying.","https://cards.scryfall.io/normal/front/3/f/3fcf8950-117a-4587-8522-79001dffa500.jpg?1783905787"
"eoc-12","Golem","Token Artifact Creature — Golem","3","3","","","https://cards.scryfall.io/normal/front/b/c/bc1c56b2-69f3-42d9-81f4-3dbd40dd8f5d.jpg?1783905789"
"sos-9","Pest","Token Creature — Pest","1","1","BG","Whenever this token attacks, you gain 1 life.","https://cards.scryfall.io/normal/front/4/0/40b22872-7b7b-4a6d-a343-4152e552b00a.jpg?1783903561"
"drc-14","Golem","Token Artifact Creature — Golem","3","3","","Trample","https://cards.scryfall.io/normal/front/a/7/a73d4a82-b93f-49df-b1a7-cf4cc71d168a.jpg?1783907671"
"sld-1835","Shrine","Token Enchantment Creature — Shrine","1","1","","","https://cards.scryfall.io/normal/front/4/1/41648b36-154c-4907-8571-9461e45a9e00.jpg?1783908458"
"ust-3","Spirit // Spirit","Token Creature — Spirit // Token","","","","","https://cards.scryfall.io/normal/front/4/1/41fc8b22-f6fe-4853-b80a-64ab70a41f1d.jpg?1783935363"
"clb-37","Pirate","Token Creature — Pirate","1","1","R","This creature can't block. Creatures you control attack each combat if able.","https://cards.scryfall.io/normal/front/4/2/42248cea-29e8-4ebe-ad64-e87e216b55d6.jpg?1783922308"
"msc-3","Wall","Token Creature — Wall","0","3","","Defender, reach","https://cards.scryfall.io/normal/front/4/2/424d7099-8842-4700-8366-093e7b176d1a.jpg?1783902815"
"afc-3","Illusion","Token Creature — Illusion","1","1","U","This creature gets +1/+0 for each other Illusion you control.","https://cards.scryfall.io/normal/front/4/2/42a6bc0b-e76d-4c45-b39d-0186d9bc9c42.jpg?1783926352"
"dsk-17","Kaito, Bane of Nightmares Emblem","Emblem","","","","Ninjas you control get +1/+1.","https://cards.scryfall.io/normal/front/4/3/435e707c-2b1d-48a7-ba75-c3c67824b50d.jpg?1783909259"
"sos-7","Inkling","Token Creature — Inkling","1","1","BW","Flying","https://cards.scryfall.io/normal/front/4/3/43e9f729-abaf-4000-8df5-fa46d59eff9e.jpg?1783903562"
"c19-9","Assassin","Token Creature — Assassin","1","1","B","Whenever this creature deals combat damage to a player, that player loses the game.","https://cards.scryfall.io/normal/front/4/4/4401437c-23ea-44ac-a8e7-eb033e1d61eb.jpg?1783932830"
"tdm-15","Reliquary Dragon","Token Creature — Dragon","4","4","BGRUW","This token is all colors. Flying, lifelink When this token enters, it deals 3 damage to any target.","https://cards.scryfall.io/normal/front/4/4/44465924-8cc2-49a4-bc07-8dbae7570af6.jpg?1783906782"
"c18-14","Beast","Token Creature — Beast","5","5","G","Trample","https://cards.scryfall.io/normal/front/4/4/44675b6a-ea5a-44f1-9f2c-3725cdfcc814.jpg?1783934353"
"rna-13","Domri, Chaos Bringer Emblem","Emblem — Domri","","","","At the beginning of each end step, create a 4/4 red and green Beast creature token with trample.","https://cards.scryfall.io/normal/front/4/4/44717d19-d8c2-45ba-9904-00c0c79ee0c3.jpg?1783933602"
"bro-7","Powerstone","Token Artifact — Powerstone","","","","{T}: Add {C}. This mana can't be spent to cast a nonartifact spell.","https://cards.scryfall.io/normal/front/d/4/d45fe4b6-aeaf-4f84-b660-c7b482ed8512.jpg?1783919908"
"acr-5","Phobos","Token Legendary Creature — Horse","3","2","R","","https://cards.scryfall.io/normal/front/4/4/447bd736-6b47-440c-86ed-db54bd655274.jpg?1783910885"
"soc-13","Dragon Illusion","Token Creature — Dragon Illusion","*","*","R","Flying, haste","https://cards.scryfall.io/normal/front/4/4/44b7c73d-80a0-4a27-b0a2-317164362449.jpg?1783903573"
"moc-13","Spirit","Token Creature — Spirit","1","1","U","Flying","https://cards.scryfall.io/normal/front/7/8/78baf1de-8fde-4162-beeb-425e38fb5f8c.jpg?1783916651"
"und-4","Dragon","Token Creature — Dragon","4","4","","Flying","https://cards.scryfall.io/normal/front/6/8/6819b8c9-73a3-4e8e-ad7a-95cffabf873a.jpg?1783931313"
"msh-18","Doombot","Token Artifact Creature — Robot Villain","3","3","","","https://cards.scryfall.io/normal/front/4/5/452680b5-5032-413a-bb5a-3fc8cfe88be9.jpg?1783902799"
"inr-12","Zombie","Token Creature — Zombie","*","*","B","","https://cards.scryfall.io/normal/front/a/e/ae290b7e-8ff2-4262-8ac7-8481283e2a02.jpg?1783907968"
"tori-12","Jace, Telepath Unbound Emblem","Emblem — Jace","","","","Whenever you cast a spell, target opponent puts the top five cards of their library into their graveyard.","https://cards.scryfall.io/normal/front/6/f/6f5ae536-3ef6-41cb-b33b-0ac458d77a56.jpg?1783913134"
"blc-38","Phyrexian Golem","Token Artifact Creature — Phyrexian Golem","3","3","","","https://cards.scryfall.io/normal/front/4/6/46161339-7173-4265-9691-106be5536b2d.jpg?1783909748"
"teld-7","Dwarf","Token Creature — Dwarf","1","1","R","","https://cards.scryfall.io/normal/front/4/6/46203366-7104-4fda-b38d-dc18d93154a9.jpg?1783903466"
"f17-12","Pirate // Treasure","Token Creature — Pirate // Token Artifact — Treasure","","","","","https://cards.scryfall.io/normal/front/4/6/46bf5e2b-869f-480e-ac37-1bdb40a92f8c.jpg?1783936800"
"soc-8","Phyrexian Myr","Token Artifact Creature — Phyrexian Myr","2","1","U","","https://cards.scryfall.io/normal/front/c/a/ca7e566f-5eb4-4f0f-bf87-5788c57ba1e4.jpg?1783903574"
"one-13","Koth, Fire of Resistance Emblem","Emblem","","","","Whenever a Mountain enters the battlefield under your control, this emblem deals 4 damage to any target.","https://cards.scryfall.io/normal/front/4/7/4746f904-67f3-450d-93f6-172b3fd50057.jpg?1783918166"
"bro-6","Golem","Token Artifact Creature — Golem","*","*","","","https://cards.scryfall.io/normal/front/4/7/474c8cfe-71ce-46c7-8cf4-dfeae3c0e73b.jpg?1783919909"
"dsk-4","Glimmer","Token Enchantment Creature — Glimmer","1","1","W","","https://cards.scryfall.io/normal/front/4/7/475c7449-2c95-4873-94de-68a5e06cdfb8.jpg?1783909267"
"mkm-7","Imp","Token Creature — Imp","2","2","R","When this creature dies, it deals 2 damage to each opponent.","https://cards.scryfall.io/normal/front/4/7/47a1385b-2be2-49a8-8400-186cd5525dad.jpg?1783912609"
"bot-1","Laserbeak","Token Legendary Artifact Creature — Robot","2","2","U","Flying, hexproof","https://cards.scryfall.io/normal/front/4/7/47b48ea5-a12f-4a3b-b7d9-2124e43d8833.jpg?1783919879"
"2xm-7","Myr","Token Artifact Creature — Myr","2","1","U","","https://cards.scryfall.io/normal/front/4/8/483c8cd6-288c-49d7-ac28-642132f85259.jpg?1783930233"
"tdmc-8","Egg","Token Creature — Egg","0","1","G","Defender","https://cards.scryfall.io/normal/front/e/d/ed83dc8f-3cbd-4ee0-a45e-295f4284ba1f.jpg?1783906762"
"eoe-6","Lander","Token Artifact — Lander","","","","{2}, {T}, Sacrifice this token: Search your library for a basic land card, put it onto the battlefield tapped, then shuffle.","https://cards.scryfall.io/normal/front/4/9/49164e15-252a-46e2-8c5a-66e41e071072.jpg?1783905785"
"tshm-12","Elf Warrior","Token Creature — Elf Warrior","1","1","GW","","https://cards.scryfall.io/normal/front/c/e/cee23d72-2cd6-4133-98d1-c7b8da839408.jpg?1783913132"
"ltc-9","Human Knight","Token Creature — Human Knight","2","2","R","Trample, haste","https://cards.scryfall.io/normal/front/4/9/491fc1c3-a46e-4cfd-a749-57f4c96f6aea.jpg?1783916057"
"mkc-14","Ogre","Token Creature — Ogre","3","3","R","","https://cards.scryfall.io/normal/front/4/9/4959b8ed-391c-4b77-bbc1-e32c2b27aa22.jpg?1783912616"
"otp-2","Human Rogue","Token Creature — Human Rogue","1","2","RW","Haste When this creature enters the battlefield, it deals 1 damage to any target.","https://cards.scryfall.io/normal/front/4/9/495d1211-b5f2-4745-8391-b5331ded8545.jpg?1783911658"
"cmm-29","Satyr","Token Creature — Satyr","1","1","R","This creature can't block.","https://cards.scryfall.io/normal/front/4/9/49bdae00-bcbd-4238-87d6-7e12ff7ffd83.jpg?1783915253"
"tsr-3","Cloud Sprite","Token Creature — Faerie","1","1","U","Flying Cloud Sprite can block only creatures with flying.","https://cards.scryfall.io/normal/front/4/a/4a2144f2-d4be-419e-bfca-116cedfdf18b.jpg?1783927697"
"40k-20","Blue Horror","Token Creature — Demon Horror","2","2","RU","Whenever you cast an instant or sorcery spell, this creature deals 1 damage to any target.","https://cards.scryfall.io/normal/front/4/a/4a3d2013-e10c-49aa-adf6-4a3a141e48ce.jpg?1783920657"
"spm-3","Spider","Token Creature — Spider","2","1","G","Reach","https://cards.scryfall.io/normal/front/4/a/4a40f6e1-3545-4503-af3e-f0acfb735e3a.jpg?1783905184"
"msh-9","Villain","Token Creature — Villain","2","1","B","Menace","https://cards.scryfall.io/normal/front/4/a/4a51b6a0-9a54-4f01-b959-0a28c15d103f.jpg?1783902804"
"dtk-8","Narset Transcendent Emblem","Emblem — Narset","","","","Your opponents can't cast noncreature spells.","https://cards.scryfall.io/normal/front/4/a/4a70dfe0-874c-473a-a26e-1f88a842df41.jpg?1783938559"
"tori-14","Chandra, Roaring Flame Emblem","Emblem — Chandra","","","","At the beginning of your upkeep, this emblem deals 3 damage to you.","https://cards.scryfall.io/normal/front/a/4/a43fa669-961d-4ec5-a7c8-67e55a4e54f2.jpg?1783913133"
"c19-1","Bird","Token Creature — Bird","3","4","W","Flying","https://cards.scryfall.io/normal/front/4/a/4ac57a34-23ad-4780-a464-e2472d277a27.jpg?1783932836"
"unf-9","Teddy Bear","Token Creature — Teddy Bear","2","2","","","https://cards.scryfall.io/normal/front/4/a/4aef57de-7b99-47f3-af44-3c0bc546bbac.jpg?1783920621"
"sld-152","Walker","Token Creature — Zombie","2","2","B","","https://cards.scryfall.io/normal/front/4/b/4b236f7a-62b0-4605-9328-6994ca65909b.jpg?1783929156"
"ust-7","Rogue","Token Creature — Rogue","2","2","B","Menace","https://cards.scryfall.io/normal/front/4/b/4b633d7b-6d61-4b1a-8d65-6e1f3d5ffba7.jpg?1783935354"
"dsk-6","Spirit","Token Creature — Spirit","3","1","W","Flying","https://cards.scryfall.io/normal/front/4/b/4b7697e3-b3fb-481c-a90f-1ae08d8a9880.jpg?1783909266"
"cmm-52","Ob Nixilis of the Black Oath Emblem","Emblem — Nixilis","","","","{1}{B}, Sacrifice a creature: You gain X life and draw X cards, where X is the sacrificed creature's power.","https://cards.scryfall.io/normal/front/f/3/f3b4bd21-2ab7-48cf-bc46-b67093b99421.jpg?1783915241"
"tsr-4","Bat","Token Creature — Bat","1","2","B","Flying {1}{B}, Sacrifice this creature: Return an exiled card named Sengir Nosferatu to the battlefield under its owner's control.","https://cards.scryfall.io/normal/front/4/c/4c532e0f-8934-4ad3-bb1a-640abe946e10.jpg?1783927696"
"ecl-8","Merfolk","Token Creature — Merfolk","1","1","UW","","https://cards.scryfall.io/normal/front/4/c/4c5ad4e1-b489-4023-88ab-1200c5f26ffc.jpg?1783904323"
"soc-3","Contract","Token Enchantment — Aura","","","W","Enchant creature Whenever enchanted creature attacks, it gets +2/+0 until end of turn if it's attacking one of your opponents. Otherwise, its controller loses 2 life.","https://cards.scryfall.io/normal/front/4/c/4c5e0caa-a043-41de-acbf-cdf3a6b6ab18.jpg?1783903575"
"unf-7","Balloon","Token Creature — Balloon","1","1","R","Flying","https://cards.scryfall.io/normal/front/4/c/4c8f2c0f-7ed8-4d72-8f94-33ad615bf21d.jpg?1783920623"
"msh-15","The Tiger God","Token Legendary Creature — Cat God","4","4","G","The Tiger God can't be blocked by more than one creature.","https://cards.scryfall.io/normal/front/4/d/4d1ca2ed-c987-4f92-ad7b-991d7a64d145.jpg?1783902800"
"dom-6","Nightmare Horror","Token Creature — Nightmare Horror","*","*","B","","https://cards.scryfall.io/normal/front/4/d/4d33b752-c806-4932-ae0a-46f00ed937de.jpg?1783934932"
"drc-3","Zombie","Token Creature — Zombie","1","1","W","","https://cards.scryfall.io/normal/front/4/d/4d6a4ed0-50ce-4556-a2c3-cbd7501635ec.jpg?1783907674"
"msc-7","Ox","Token Creature — Ox","2","2","W","","https://cards.scryfall.io/normal/front/4/d/4db2ad28-a2d9-41ba-811b-bde40a870675.jpg?1783902814"
"cmm-71","Wizard","Token Creature — Wizard","1","1","R","{T}: Add {R}. Spend this mana only to cast a planeswalker spell.","https://cards.scryfall.io/normal/front/4/d/4de5b65c-00c7-415a-92f3-cd1177372956.jpg?1783915230"
"l16-5","Servo // Thopter","Token Artifact Creature — Servo // Token Artifact Creature — Thopter","","","","","https://cards.scryfall.io/normal/front/4/e/4e3690fa-627e-4b3b-b517-e2cd1b4bbdd0.jpg?1783937940"
"dmu-15","Badger","Token Creature — Badger","3","3","G","","https://cards.scryfall.io/normal/front/4/e/4e42cb2e-578f-4fec-a9a4-33b95b78229c.jpg?1783921127"
"pemn-1z","Zombie // Zombie","Token Creature — Zombie // Token Creature — Zombie","","","","","https://cards.scryfall.io/normal/front/4/f/4f153ca0-0e55-4f3c-9780-570708844fd3.jpg?1783937415"
"tmkm-1","Dog","Token Creature — Dog","1","1","W","","https://cards.scryfall.io/normal/front/8/0/8031f333-c818-4793-8cf8-232bf9088a96.jpg?1783906766"
"dsk-12","Spider","Token Creature — Spider","2","2","G","Reach","https://cards.scryfall.io/normal/front/4/f/4f8852eb-1318-40c2-aa2a-8c0e830cca71.jpg?1783909263"
"fin-10","Knight","Token Creature — Knight","2","2","W","","https://cards.scryfall.io/normal/front/a/7/a7758a0b-9e85-4b4a-bf1c-ffcc6761dbad.jpg?1783906135"
"tc17-3","Rat","Token Creature — Rat","1","1","B","Deathtouch","https://cards.scryfall.io/normal/front/5/0/50af7e54-3a6c-4dd0-be1b-83b82734621a.jpg?1783913125"
"mom-7","Dinosaur","Token Creature — Dinosaur","*","*","G","","https://cards.scryfall.io/normal/front/5/0/50b6ea55-c976-40e7-aa09-5ba77688bfe9.jpg?1783916671"
"ncc-18","Elemental","Token Creature — Elemental","0","1","R","At the beginning of your upkeep, sacrifice this creature and return target card named Rekindling Phoenix from your graveyard to the battlefield. It gains haste until end of turn.","https://cards.scryfall.io/normal/front/5/1/512fedf8-f50d-4e81-9856-e051850dc05f.jpg?1783923171"
"hou-7","Sinuous Striker","Token Creature — Zombie Naga Warrior","4","4","B","{U}: Sinuous Striker gets +1/-1 until end of turn.","https://cards.scryfall.io/normal/front/5/1/513f2ce9-0127-4479-b37a-a835fbada8f8.jpg?1783936066"
"mh3-14","Whale","Token Creature — Whale","6","6","U","When this creature dies, create a 9/9 blue Kraken creature token.","https://cards.scryfall.io/normal/front/5/1/51b8f3b4-d0f3-4f2f-8e6f-7da1e852dac1.jpg?1783911115"
"tmt-7","Mutant","Token Creature — Mutant","2","2","R","","https://cards.scryfall.io/normal/front/5/1/51e33613-7a24-461c-8d9f-12680af4b92a.jpg?1783904002"
"vow-4","Spirit Cleric","Token Creature — Spirit Cleric","*","*","W","This creature's power and toughness are each equal to the number of Spirits you control.","https://cards.scryfall.io/normal/front/5/2/5212bae5-d768-45ab-aba8-94c4f9fabc79.jpg?1783924699"
"mh3-13","Thopter","Token Artifact Creature — Thopter","1","1","U","Flying","https://cards.scryfall.io/normal/front/e/0/e0a7adb3-8e66-4e63-95f2-1a5f5827b676.jpg?1783911116"
"lrw-4","Merfolk Wizard","Token Creature — Merfolk Wizard","1","1","U","","https://cards.scryfall.io/normal/front/5/2/526da544-23dd-42b8-8c00-c3609eea4489.jpg?1783942838"
"inr-19","Human Cleric","Token Creature — Human Cleric","1","1","BW","","https://cards.scryfall.io/normal/front/7/0/7081602e-84a3-45b0-87f6-f0f236a5264e.jpg?1783907967"
"blb-8","Splash Lasher","Token Creature — Frog Wizard","1","1","U","When this creature enters, tap up to one target creature and put a stun counter on it. (This token's mana cost is {3}{U}.)","https://cards.scryfall.io/normal/front/5/3/53065735-c427-458e-ade4-ec2d81c8d277.jpg?1783909771"
"khm-22","Tyvar Kell Emblem","Emblem","","","","Whenever you cast an Elf spell, it gains haste until end of turn and you draw two cards.","https://cards.scryfall.io/normal/front/5/3/53162f62-5327-4f2d-8f34-e90de2a1c818.jpg?1783928075"
"dtk-4","Zombie Horror","Token Creature — Zombie Horror","*","*","B","","https://cards.scryfall.io/normal/front/5/3/533c41ab-d9ee-4817-a982-41d4da6fa9ad.jpg?1783938561"
"blb-15","Starscape Cleric","Token Creature — Bat Cleric","1","1","B","Flying This creature can't block. Whenever you gain life, each opponent loses 1 life. (This token's mana cost is {1}{B}.)","https://cards.scryfall.io/normal/front/5/3/5379a77e-4b98-4abc-b967-fbc76bb85fc6.jpg?1783909768"
"cmm-13","Zombie","Token Creature — Zombie","*","*","U","","https://cards.scryfall.io/normal/front/f/7/f7ee09ec-0d88-469d-b61c-976f3be47766.jpg?1783915257"
"tsnc-10","Dog","Token Creature — Dog","3","1","G","Vigilance","https://cards.scryfall.io/normal/front/5/3/53f30e6b-602d-4e7d-b217-8c8d6b9ecc27.jpg?1783913135"
"blb-16","Thornplate Intimidator","Token Creature — Rat Rogue","1","1","B","When this creature enters, target opponent loses 3 life unless they sacrifice a nonland permanent or discard a card. (This token's mana cost is {3}{B}.)","https://cards.scryfall.io/normal/front/5/3/53fd3dd0-81b6-4f4a-86e6-920170017c92.jpg?1783909767"
"40k-14","Necron Warrior","Token Artifact Creature — Necron Warrior","2","2","B","","https://cards.scryfall.io/normal/front/5/4/542b3490-1247-4f47-98b6-c67cabae53cb.jpg?1783920663"
"mkc-30","Morph","Creature","2","2","","(You can cover a face-down creature with this reminder card. A card with morph can be turned face up any time for its morph cost.)","https://cards.scryfall.io/normal/front/5/4/5430da88-b72e-4d64-bd3c-b21062cac1c2.jpg?1783912609"
"fin-19","Angelo","Token Legendary Creature — Dog","1","1","GW","","https://cards.scryfall.io/normal/front/5/4/54347961-0a41-4f62-b47e-2afa0ca07b21.jpg?1783906131"
"pip-2","Human Knight","Token Creature — Human Knight","2","2","W","This creature gets +2/+2 as long as an artifact entered the battlefield under your control this turn.","https://cards.scryfall.io/normal/front/5/4/546bda77-e3a8-4f2a-ba9c-94fb0b9ff183.jpg?1783912048"
"sos-13","Professor Dellian Fel Emblem","Emblem","","","","Whenever you gain life, target opponent loses that much life.","https://cards.scryfall.io/normal/front/5/4/5472cdbf-eec2-40fe-a1f5-1a4eb74126c0.jpg?1783903561"
"inr-5","Human Wizard","Token Creature — Human Wizard","1","1","U","","https://cards.scryfall.io/normal/front/5/4/547ba2bc-2520-4d79-b9c9-a17f921df1bd.jpg?1783907971"
"kld-11","Nissa, Vital Force Emblem","Emblem — Nissa","","","","Whenever a land enters the battlefield under your control, you may draw a card.","https://cards.scryfall.io/normal/front/5/4/54986eaa-1bbb-4d34-ae09-fa7de2627ba0.jpg?1783937237"
"mkm-8","Ooze","Token Creature — Ooze","0","0","G","Trample","https://cards.scryfall.io/normal/front/5/4/54b37032-9660-4dfb-9629-c4e8eddc43b0.jpg?1783912608"
"unf-2","Clown Robot","Token Artifact Creature — Clown Robot","1","1","W","","https://cards.scryfall.io/normal/front/5/4/54d001ca-285e-4033-9d97-0a1db3a8ec7b.jpg?1783920625"
"one-9","The Hollow Sentinel","Token Legendary Artifact Creature — Phyrexian Golem","3","3","","","https://cards.scryfall.io/normal/front/5/4/54e0cbfa-a7f9-49a6-9bca-4a08f5b8da93.jpg?1783918167"
"dde-1","Hornet","Token Artifact Creature — Insect","1","1","","Flying, haste","https://cards.scryfall.io/normal/front/5/4/54ec2cd6-51f6-4e12-af90-fa254f14ad32.jpg?1783942015"
"bfz-14","Kiora, Master of the Depths Emblem","Emblem — Kiora","","","","Whenever a creature enters the battlefield under your control, you may have it fight target creature.","https://cards.scryfall.io/normal/front/5/5/55952cc8-09d8-4260-8387-284df7223d74.jpg?1783938117"
"otj-8","Vampire Rogue","Token Creature — Vampire Rogue","1","1","B","Lifelink","https://cards.scryfall.io/normal/front/5/5/55a35e07-9d80-4f2b-a000-5638b72a9808.jpg?1783911527"
"mma-13","Treefolk Shaman","Token Creature — Treefolk Shaman","2","5","G","","https://cards.scryfall.io/normal/front/d/7/d75c1ada-2a49-49e8-800d-f11d08263dde.jpg?1783939952"
"ltc-1","Bird","Token Creature — Bird","3","3","W","Flying Whenever this creature attacks, target attacking creature gains flying until end of turn.","https://cards.scryfall.io/normal/front/5/6/561341f5-3eb1-4f52-8dee-668a60e091be.jpg?1783916064"
"war-19","Nissa, Who Shakes the World Emblem","Emblem — Nissa","","","","Lands you control have indestructible.","https://cards.scryfall.io/normal/front/5/6/56b191fe-7a92-4d08-91a4-036699d08bc4.jpg?1783933348"
"akh-10","Sacred Cat","Token Creature — Zombie Cat","1","1","W","Lifelink","https://cards.scryfall.io/normal/front/5/6/56ea5f68-3818-43d3-9b7b-c344305a8423.jpg?1783936414"
"hou-11","Snake","Token Creature — Snake","5","4","G","","https://cards.scryfall.io/normal/front/5/7/57708b3d-ddfb-4924-b5c9-123aa9e967ad.jpg?1783936064"
"sos-2","Elemental","Token Creature — Elemental","3","3","RU","Flying","https://cards.scryfall.io/normal/front/5/7/57b98846-85e3-47c7-a903-29953d0b0e8a.jpg?1783903564"
"msh-13","Moloid","Token Creature — Minion","1","1","G","Whenever this token attacks, you may mill a card.","https://cards.scryfall.io/normal/front/5/7/57bcf5f4-da1e-4b6a-85ef-aad91d2276cf.jpg?1783902803"
"tsnc-9","Cat","Token Creature — Cat","2","2","G","Haste","https://cards.scryfall.io/normal/front/6/8/687bbd21-ae87-43b9-9d32-e981e7a78d76.jpg?1783913135"
"sld-1334","Hydra","Token Creature — Hydra","0","0","G","","https://cards.scryfall.io/normal/front/5/7/57cad0da-ac47-4324-9810-cf2ae94fd5e0.jpg?1783913390"
"40k-8","Sicarian Infiltrator","Token Artifact Creature — Human Soldier","1","2","U","When Sicarian Infiltrator enters the battlefield, draw a card.","https://cards.scryfall.io/normal/front/5/8/58784a4f-8190-4751-b42c-fff188ad3ce5.jpg?1783920670"
"jou-6","Snake","Token Enchantment Creature — Snake","1","1","BG","Deathtouch","https://cards.scryfall.io/normal/front/5/9/5910a7f2-71a7-4e85-8feb-4a0da228eb15.jpg?1783939392"
"onc-16","Phyrexian Wurm","Token Creature — Phyrexian Wurm","*","*","G","Trample Toxic 1 (Players dealt combat damage by this creature also get a poison counter.)","https://cards.scryfall.io/normal/front/5/9/594c55d3-d435-4dec-bc92-011442a43684.jpg?1783918174"
"c19-2","Bird","Token Creature — Bird","3","3","W","Flying","https://cards.scryfall.io/normal/front/5/9/5988dc9e-724f-4645-8769-b94c5ef631b9.jpg?1783932835"
"moc-18","Demon","Token Creature — Demon","6","6","B","Flying, trample At the beginning of your upkeep, sacrifice another creature. If you can't, this creature deals 6 damage to you.","https://cards.scryfall.io/normal/front/5/9/598e58b8-d26f-4bbf-a002-a93cac642a17.jpg?1783916649"
"cmm-46","Stoneforged Blade","Token Artifact — Equipment","","","","Indestructible Equipped creature gets +5/+5 and has double strike. Equip {0}","https://cards.scryfall.io/normal/front/a/0/a0f2a88f-ff00-4ef7-a9ed-e8457df2c9d3.jpg?1783915244"
"big-1","Bat","Token Creature — Bat","2","1","B","Flying","https://cards.scryfall.io/normal/front/5/9/59f138e5-501d-486f-b9a0-3f37640398a0.jpg?1783911689"
"ust-9","Zombie // Zombie","Token Creature — Zombie // Token","","","","","https://cards.scryfall.io/normal/front/5/a/5a561f84-5696-44a5-8dc1-227af883341d.jpg?1783935359"
"akh-12","Temmet, Vizier of Naktamun","Token Creature — Zombie Human Cleric","2","2","W","Temmet, Vizier of Naktamun is legendary. At the beginning of combat on your turn, target creature token you control gets +1/+1 until end of turn and can't be blocked this turn.","https://cards.scryfall.io/normal/front/5/a/5a6201e6-7dcd-40b1-97aa-fd9c860cea97.jpg?1783936413"
"onc-15","Phyrexian Insect","Token Creature — Phyrexian Insect","1","1","G","Infect (This creature deals damage to creatures in the form of -1/-1 counters and to players in the form of poison counters.)","https://cards.scryfall.io/normal/front/5/a/5a90e8ab-5a76-4834-9cd6-186af939ea41.jpg?1783918174"
"clb-49","Rowan Kenrith Emblem","Emblem — Rowan","","","","Whenever you activate an ability that isn't a mana ability, copy it. You may choose new targets for the copy.","https://cards.scryfall.io/normal/front/5/b/5b2f81ee-f258-40c4-abc6-0c80421b0837.jpg?1783922302"
"cmm-18","Thrull","Token Creature — Thrull","1","1","B","","https://cards.scryfall.io/normal/front/d/c/dc5604c5-4fff-4bb6-bf6d-69027e4eeb21.jpg?1783915255"
"tm21-20","Cat","Token Creature — Cat","1","1","G","","https://cards.scryfall.io/normal/front/7/e/7ebd7482-0f67-4afa-ba82-bf12e7e07b30.jpg?1783906758"
"soc-5","Pegasus","Token Creature — Pegasus","2","2","W","Flying","https://cards.scryfall.io/normal/front/f/1/f130171f-a3e2-4dac-806a-1f2c428ac9fc.jpg?1783903574"
"blb-5","Warren Warleader","Token Creature — Rabbit Knight","1","1","W","Whenever you attack, choose one — • Create a 1/1 white Rabbit creature token that's tapped and attacking. • Attacking creatures you control get +1/+1 until end of turn. (This token's mana cost is {2}{W}{W}.)","https://cards.scryfall.io/normal/front/5/c/5cc9b628-0a3a-4d09-ae4a-57c7f6f9ac36.jpg?1783909771"
"f18-3","Illusion // Saproling","Token Creature — Illusion // Token Creature — Saproling","","","","","https://cards.scryfall.io/normal/front/5/c/5cf70d25-9de9-4c3a-a52f-be17831e5695.jpg?1783935353"
"jou-3","Minotaur","Token Creature — Minotaur","2","3","R","","https://cards.scryfall.io/normal/front/5/d/5d2a3833-ab5b-4f84-b39c-d0eeb7b474d3.jpg?1783939393"
"inr-7","Vampire","Token Creature — Vampire","1","1","B","","https://cards.scryfall.io/normal/front/7/3/73690930-4b00-4f35-aa6f-bbfeeb711330.jpg?1783907970"
"ust-8","Vampire // Vampire","Token Creature — Vampire // Token","","","","","https://cards.scryfall.io/normal/front/5/d/5d9e999f-7033-4ccd-933a-eac4105b3edc.jpg?1783935359"
"znc-8","Elemental","Token Creature — Elemental","2","2","G","","https://cards.scryfall.io/normal/front/5/d/5dc134da-51b8-452d-b515-54def56fe0c7.jpg?1783929246"
"zen-4","Illusion","Token Creature — Illusion","2","2","U","","https://cards.scryfall.io/normal/front/5/d/5dcbf662-7263-414a-b64b-ccf9aab20faa.jpg?1783942179"
"who-4","Horse","Token Creature — Horse","2","2","W","Doctors you control have horsemanship. (They can't be blocked except by creatures with horsemanship.)","https://cards.scryfall.io/normal/front/5/e/5e29c393-6d89-481d-8f33-19c61c46621a.jpg?1783914719"
"khc-6","Elemental","Token Creature — Elemental","7","7","G","Trample","https://cards.scryfall.io/normal/front/7/7/7737cbbf-659e-4a8d-9918-50652d6c0863.jpg?1783928085"
"dsk-7","Toy","Token Artifact Creature — Toy","1","1","W","","https://cards.scryfall.io/normal/front/5/e/5e6d479d-c30d-4048-b250-5233358a174c.jpg?1783909266"
"nec-6","Smoke Blessing","Token Enchantment — Aura","","","R","Enchant creature When enchanted creature dies, it deals 1 damage to its controller and you create a Treasure token.","https://cards.scryfall.io/normal/front/5/e/5eb01bef-8989-4b38-a303-0aafab1b33e5.jpg?1783923718"
"otj-10","Mercenary","Token Creature — Mercenary","1","1","R","{T}: Target creature you control gets +1/+0 until end of turn. Activate only as a sorcery.","https://cards.scryfall.io/normal/front/5/f/5f04607f-eed2-462e-897f-82e41e5f7049.jpg?1783911526"
"aer-4","Tezzeret the Schemer Emblem","Emblem — Tezzeret","","","","At the beginning of combat on your turn, target artifact you control becomes an artifact creature with base power and toughness 5/5.","https://cards.scryfall.io/normal/front/5/f/5f136537-1ebe-4018-b406-44ef32ceef04.jpg?1783936709"
"inr-20","Human Soldier","Token Creature — Human Soldier","1","1","GW","Training (Whenever this creature attacks with another creature with greater power, put a +1/+1 counter on this creature.)","https://cards.scryfall.io/normal/front/e/3/e35e232f-e98b-49c7-a68c-d8e3339e90b5.jpg?1783907966"
"m19-2","Avatar","Token Creature — Avatar","4","4","W","Flying","https://cards.scryfall.io/normal/front/5/f/5f3f8f97-0c27-49d6-ae9a-a0fe2a7ce38b.jpg?1783934471"
"rvr-10","Centaur","Token Creature — Centaur","3","3","G","","https://cards.scryfall.io/normal/front/5/f/5f657b65-67fc-4b7d-bc9e-840190f69362.jpg?1783913155"
"inr-8","Vampire","Token Creature — Vampire","2","2","B","Flying","https://cards.scryfall.io/normal/front/c/5/c5cb4398-e180-472e-8662-2a5902bafb4f.jpg?1783907971"
"thb-8","Elemental","Token Creature — Elemental","*","1","R","Trample, haste","https://cards.scryfall.io/normal/front/6/0/60466c78-155e-442b-8022-795e1e9de8df.jpg?1783931453"
"who-19","Alien Insect","Token Creature — Alien Insect","1","1","GW","Flying","https://cards.scryfall.io/normal/front/6/0/609bcaff-c903-40ce-9b3e-bb7b07bb9125.jpg?1783914715"
"f18-2","City's Blessing // Elemental","Card // Token Creature — Elemental","","","","","https://cards.scryfall.io/normal/front/6/0/60ca146d-4e88-4e87-a775-9cfbc9e6b9f2.jpg?1783935352"
"ncc-14","Champion of Wits","Token Creature — Zombie Naga Wizard","4","4","B","When Champion of Wits enters the battlefield, you may draw cards equal to its power. If you do, discard two cards.","https://cards.scryfall.io/normal/front/c/c/ccca4d2c-71b1-4757-bfdf-8eccb435fd0a.jpg?1783923175"
"ust-13","Beast // Beast","Token Creature — Beast // Token","","","","","https://cards.scryfall.io/normal/front/6/1/610def80-1303-488e-bfd9-4a27f031d20e.jpg?1783935357"
"ecl-6","Goblin","Token Creature — Goblin","1","1","BR","","https://cards.scryfall.io/normal/front/6/1/6139a45d-ebc7-4bca-8c13-73c85ea5fe0d.jpg?1783904325"
"who-14","Alien Warrior","Token Creature — Alien Warrior","2","2","R","","https://cards.scryfall.io/normal/front/6/1/6155e7ce-3e8c-4bb3-941d-dac686d4eb57.jpg?1783914715"
"blc-35","Wolf","Token Creature — Wolf","2","2","BG","When this creature dies, put a loyalty counter on each Garruk you control.","https://cards.scryfall.io/normal/front/6/1/61ea0e0e-13cf-4de3-80bf-89e66fa9b200.jpg?1783909750"
"onc-18","Golem","Token Artifact Creature — Golem","*","*","","Haste","https://cards.scryfall.io/normal/front/6/2/621738c7-24f6-469e-9e44-8c80cd85ba08.jpg?1783918172"
"mh3-11","Kraken","Token Creature — Kraken","9","9","U","","https://cards.scryfall.io/normal/front/9/1/9155825a-6449-4b36-aa14-4c227075ed51.jpg?1783911116"
"soi-8","Ooze","Token Creature — Ooze","3","3","G","","https://cards.scryfall.io/normal/front/6/2/623a7905-3a10-4d23-96fa-4960cac8f4e3.jpg?1783937681"
"und-5","Giant Teddy Bear","Token Creature — Giant Teddy Bear","5","5","","","https://cards.scryfall.io/normal/front/6/2/628c542b-7579-4070-9143-6f1f7221468f.jpg?1783931313"
"pip-15","Junk","Token Artifact — Junk","","","","{T}, Sacrifice this artifact: Exile the top card of your library. You may play that card this turn. Activate only as a sorcery.","https://cards.scryfall.io/normal/front/6/2/62c4a6f6-6425-4c0c-b35a-880fcab42aad.jpg?1783912041"
"soc-12","Zombie","Token Creature — Zombie","2","2","B","Decayed (This creature can't block. When it attacks, sacrifice it at end of combat.)","https://cards.scryfall.io/normal/front/b/0/b0d6fd21-48f0-4151-9671-762c25d95592.jpg?1783903573"
"gk1-4","Goblin // Soldier","Token Creature — Goblin // Token Creature — Soldier","","","","","https://cards.scryfall.io/normal/front/6/4/64f4dc68-060b-4c63-8f43-00f53c52a251.jpg?1783934008"
"tmt-9","Mutagen","Token Artifact — Mutagen","","","","{1}, {T}, Sacrifice this token: Put a +1/+1 counter on target creature. Activate only as a sorcery.","https://cards.scryfall.io/normal/front/6/5/6559c423-449c-4e8e-8384-3ce78183e317.jpg?1783904002"
"blb-19","Steampath Charger","Token Creature — Lizard Warlock","1","1","R","When this creature dies, it deals 1 damage to target player. (This token's mana cost is {1}{R}.)","https://cards.scryfall.io/normal/front/6/5/65a41850-49d2-4c1f-84df-cc7f7fb951f8.jpg?1783909767"
"who-38","Human","Token Creature — Human","1","1","W","Ward {2} (Whenever this creature becomes the target of a spell or ability an opponent controls, counter it unless that player pays {2}.)","https://cards.scryfall.io/normal/front/6/5/65b58706-9140-4908-b613-702e607b7d8b.jpg?1783914708"
"afr-5","The Atropal","Token Legendary Creature — God Horror","4","4","B","Deathtouch","https://cards.scryfall.io/normal/front/6/5/65f8e40f-fb5e-4ab8-add3-a8b87e7bcdd9.jpg?1783926347"
"moc-40","Phyrexian Horror","Token Artifact Creature — Phyrexian Horror","*","*","","","https://cards.scryfall.io/normal/front/a/a/aa53489d-7e4e-461c-9eed-406ecf7c7abc.jpg?1783916641"
"cmr-11","Rock","Token Artifact — Equipment","","","","Equipped creature has ""{1}, {T}, Sacrifice Rock: This creature deals 2 damage to any target."" Equip {1}","https://cards.scryfall.io/normal/front/6/6/661cbde4-9444-4259-b2cf-7c8f9814a071.jpg?1783928585"
"clb-13","Ox","Token Creature — Ox","4","4","G","","https://cards.scryfall.io/normal/front/6/6/6655f22c-963f-42d6-b45c-8ea5fb256785.jpg?1783922319"
"blb-17","Coruscation Mage","Token Creature — Otter Wizard","1","1","R","Whenever you cast a noncreature spell, this creature deals 1 damage to each opponent. (This token's mana cost is {1}{R}.)","https://cards.scryfall.io/normal/front/6/6/6674c208-4d8d-4833-bee2-bfc87c93049d.jpg?1783909767"
"tm20-1","Ajani's Pridemate","Token Creature — Cat Soldier","2","2","W","Whenever you gain life, put a +1/+1 counter on Ajani's Pridemate.","https://cards.scryfall.io/normal/front/6/7/6740f7cb-e21b-41ca-acf0-93d63f1f8c54.jpg?1783913126"
"who-3","Alien Rhino","Token Creature — Alien Rhino","4","4","W","","https://cards.scryfall.io/normal/front/6/8/68243f3e-c311-47cf-b1f4-583625919a2c.jpg?1783914719"
"tdc-17","Elemental","Token Creature — Elemental","1","1","R","Haste","https://cards.scryfall.io/normal/front/6/8/686d9c3d-41dc-476d-93b7-75857b48b1b6.jpg?1783906799"
"40k-19","Tyranid Warrior","Token Creature — Tyranid Warrior","3","3","G","Trample","https://cards.scryfall.io/normal/front/6/9/691979ab-e0d7-4e74-84da-77d09dc038a3.jpg?1783920658"
"neo-5","Rat Rogue","Token Creature — Rat Rogue","1","1","B","","https://cards.scryfall.io/normal/front/6/9/695f72ea-13e6-40ab-afc7-55657701c82d.jpg?1783923715"
"dsk-2","Shard","Token Enchantment — Shard","","","","{2}, Sacrifice this enchantment: Scry 1, then draw a card.","https://cards.scryfall.io/normal/front/6/a/6a198942-049c-4537-b5b1-d35df32d45d5.jpg?1783909270"
"ecc-8","Snake","Token Creature — Snake","1","1","G","Deathtouch","https://cards.scryfall.io/normal/front/9/a/9a9380a8-8f38-47cd-8648-20626c06b9b3.jpg?1783904330"
"fic-7","Rebel","Token Creature — Rebel","2","2","R","","https://cards.scryfall.io/normal/front/6/a/6afbbdad-aeed-428a-b840-c33f59a18d0b.jpg?1783906141"
"afr-13","Guenhwyvar","Token Legendary Creature — Cat","4","1","G","Trample","https://cards.scryfall.io/normal/front/6/b/6b2c8f52-1580-42d5-8434-c4c70e31e31b.jpg?1783926342"
"dsk-16","Everywhere","Token Land","","","","This land is a Plains, Island, Swamp, Mountain, and Forest. ({T}: Add {W}, {U}, {B}, {R}, or {G}.)","https://cards.scryfall.io/normal/front/6/b/6b76b7a4-f398-4bb4-833e-97ec0d4e581a.jpg?1783909262"
"moc-31","Insect","Token Creature — Insect","1","1","RU","Flying, haste","https://cards.scryfall.io/normal/front/a/e/aeefb1d3-446f-4f07-9650-5b8c929f1ac9.jpg?1783916647"
"ptbro-2","Urzan Automaton","Token Creature — Urzan Automaton","*","*","","","https://cards.scryfall.io/normal/front/6/b/6be0bdfb-27a7-4f94-ad04-66c4ed934d52.jpg?1783919882"
"akh-11","Tah-Crop Skirmisher","Token Creature — Zombie Naga Warrior","2","1","W","","https://cards.scryfall.io/normal/front/6/c/6c2e835c-0f39-4fd1-a839-125bee0c9dbc.jpg?1783936413"
"mm3-19","Soldier","Token Creature — Soldier","1","1","RW","","https://cards.scryfall.io/normal/front/6/d/6d49a56f-2a5e-4d42-b75c-f3f3735829d3.jpg?1783936579"
"eoc-11","Gnome","Token Artifact Creature — Gnome","1","1","","","https://cards.scryfall.io/normal/front/e/3/e32673cc-bec9-49b3-bc34-e2b3982ca245.jpg?1783905790"
"vow-6","Slug","Token Creature — Slug","1","1","B","","https://cards.scryfall.io/normal/front/6/e/6e2ae34f-4558-46e0-95c5-e00d813fa355.jpg?1783924698"
"c19-7","Heart-Piercer Manticore","Token Creature — Zombie Manticore","4","3","W","When Heart-Piercer Manticore enters the battlefield, you may sacrifice another creature. When you do, Heart-Piercer Manticore deals damage equal to that creature's power to any target.","https://cards.scryfall.io/normal/front/a/d/ad1863c6-13c8-4116-9312-32c215f88ee1.jpg?1783932832"
"mh3-15","Fanatic of Rhonas","Token Creature — Zombie Snake Druid","4","4","B","{T}: Add {G}. Ferocious — {T}: Add {G}{G}{G}{G}. Activate only if you control a creature with power 4 or greater.","https://cards.scryfall.io/normal/front/6/e/6ef58164-4155-4e5b-8c16-f16f2ab65baa.jpg?1783911116"
"clb-6","Faerie Dragon","Token Creature — Faerie Dragon","1","1","U","Flying","https://cards.scryfall.io/normal/front/6/f/6f1eb498-8496-4234-8e87-78dc3f647534.jpg?1783922323"
"otp-3","Human Warrior","Token Creature — Human Warrior","3","1","RW","Trample, haste","https://cards.scryfall.io/normal/front/6/f/6f4f14e3-6c1a-4388-8cc0-04b96baff9f7.jpg?1783911660"
"mm3-17","Giant Warrior","Token Creature — Giant Warrior","4","4","GR","Haste","https://cards.scryfall.io/normal/front/a/0/a06eea30-810b-4623-9862-ec71c4bed11a.jpg?1783936580"
"who-18","Mutant","Token Creature — Mutant","3","3","G","Deathtouch","https://cards.scryfall.io/normal/front/6/f/6fa61fa5-f0ca-4933-ac57-9db95f891889.jpg?1783914715"
"cn2-9","Lizard","Token Creature — Lizard","8","8","R","","https://cards.scryfall.io/normal/front/7/0/70345006-5cde-44f8-ab66-9d8163d4c4f6.jpg?1783937275"
"tdc-18","First Mate Ragavan","Token Legendary Creature — Monkey Pirate","2","1","R","","https://cards.scryfall.io/normal/front/7/0/705adcf9-c15b-4f75-afae-939f59aeb308.jpg?1783906799"
"tone-2","Samurai","Token Creature — Samurai","2","2","W","Double strike","https://cards.scryfall.io/normal/front/b/1/b1e1ea88-94c9-4eff-aee0-07ff1d7d2d02.jpg?1783908492"
"ust-17","Elemental // Elemental","Token Creature — Elemental // Token","","","","","https://cards.scryfall.io/normal/front/7/0/70f1f745-9fc2-41a6-9d39-fb4964595cf5.jpg?1783935356"
"blc-22","Hamster","Token Creature — Hamster","1","1","R","","https://cards.scryfall.io/normal/front/7/1/711274ae-1a4e-491c-aa71-b2d29c890578.jpg?1783909755"
"msh-5","Leviathan","Token Creature — Leviathan","6","5","U","Hexproof (This token can't be the target of spells or abilities your opponents control.)","https://cards.scryfall.io/normal/front/7/1/71211c95-8698-4570-abf7-3579988a329e.jpg?1783902803"
"hou-1","Adorned Pouncer","Token Creature — Zombie Cat","4","4","B","Double strike","https://cards.scryfall.io/normal/front/7/1/71dc8556-a658-40e1-8a93-6a62af208a28.jpg?1783936070"
"ltr-h13","The Ring // The Ring Tempts You","Emblem // Card","","","","","https://cards.scryfall.io/normal/front/7/2/7215460e-8c06-47d0-94e5-d1832d0218af.jpg?1783916050"
"gk2-6","Goblin","Token Creature — Goblin","2","1","R","","https://cards.scryfall.io/normal/front/7/2/72230a1b-90ba-4564-9164-90cffdf34b93.jpg?1783933512"
"cmr-17","Illusion","Token Creature — Illusion","1","1","U","Flying","https://cards.scryfall.io/normal/front/7/2/7274e711-42fd-489e-809d-77d3bce24422.jpg?1783928584"
"cmm-53","Teferi, Temporal Archmage Emblem","Emblem — Teferi","","","","You may activate loyalty abilities of planeswalkers you control on any player's turn any time you could cast an instant.","https://cards.scryfall.io/normal/front/7/2/72db0562-982a-43df-b7b3-4a51c4710757.jpg?1783915240"
"akh-7","Honored Hydra","Token Creature — Zombie Snake Hydra","6","6","W","Trample","https://cards.scryfall.io/normal/front/7/3/7365ffff-b171-4275-9fdb-e622f8456858.jpg?1783936415"
"lci-7","Fungus","Token Creature — Fungus","1","1","B","This creature can't block.","https://cards.scryfall.io/normal/front/7/3/73ff66e3-ea24-4542-887f-c41abb1759e6.jpg?1783913609"
"dom-4","Cleric","Token Creature — Cleric","0","1","B","","https://cards.scryfall.io/normal/front/7/4/74791ac4-7297-4731-aff8-20130da8b4b7.jpg?1783934933"
"2x2-19","Cat Dragon","Token Creature — Cat Dragon","3","3","BGR","Flying","https://cards.scryfall.io/normal/front/b/1/b1e883aa-5f73-4c45-9253-1350c24222e4.jpg?1783921673"
"otj-15","Zombie Rogue","Token Creature — Zombie Rogue","2","2","BU","","https://cards.scryfall.io/normal/front/7/4/74c7a0bd-6011-495a-b56c-8fa707dd7f12.jpg?1783911522"
"mkm-11","Spider","Token Creature — Spider","2","1","BG","Menace, reach","https://cards.scryfall.io/normal/front/7/4/74cb3ba3-9a14-4d72-bf24-0b75ae747f96.jpg?1783912607"
"akh-8","Labyrinth Guardian","Token Creature — Zombie Illusion Warrior","2","3","W","When Labyrinth Guardian becomes the target of a spell, sacrifice it.","https://cards.scryfall.io/normal/front/7/5/754eeff5-b495-4aa5-94ce-ff20216c952b.jpg?1783936414"
"m3c-20","Hydra","Token Creature — Hydra","*","*","G","","https://cards.scryfall.io/normal/front/9/b/9bbc253b-6557-47bd-b3f3-9bc9ef6275f7.jpg?1783911122"
"pip-16","Robot","Token Artifact Creature — Robot","3","3","","","https://cards.scryfall.io/normal/front/7/6/76cde21f-2f01-4560-972b-7ecd6740d6de.jpg?1783912042"
"c19-24","Sculpture","Token Artifact Creature — Sculpture","*","*","","This creature's power and toughness are each equal to the number of Sculptures you control.","https://cards.scryfall.io/normal/front/7/7/7711a586-37f9-4560-b25d-4fb339d9cd55.jpg?1783932825"
"lcc-14","Vampire","Token Creature — Vampire","1","1","BW","Lifelink","https://cards.scryfall.io/normal/front/7/8/788a024d-4945-4ac0-b29c-31a327c3b5b5.jpg?1783913611"
"ptdmu-1","Soldier","Token Creature — Human","*","*","W","","https://cards.scryfall.io/normal/front/7/8/78fa0a70-986a-4f92-99c6-0d325dad7d08.jpg?1783921120"
"rvr-9","Goblin","Token Creature — Goblin","2","1","R","Haste","https://cards.scryfall.io/normal/front/7/9/79707ef3-9ac8-4774-b34b-f227546ff4bd.jpg?1783913156"
"gtc-5","Horror","Token Creature — Horror","1","1","BU","Flying","https://cards.scryfall.io/normal/front/7/9/79a71b52-58f9-4945-9557-0fbcbbf5a241.jpg?1783940147"
"jou-5","Spider","Token Enchantment Creature — Spider","1","3","G","Reach","https://cards.scryfall.io/normal/front/7/a/7a0275af-708d-4c43-b226-c88cb9a8054c.jpg?1783939393"
"who-15","Mark of the Rani","Token Enchantment — Aura","","","R","Enchant creature Enchanted creature gets +2/+2 and is goaded.","https://cards.scryfall.io/normal/front/7/a/7a4c1206-c36f-4fb4-9014-e8a822c97085.jpg?1783914716"
"dsc-23","Scarecrow","Token Artifact Creature — Scarecrow","4","4","","Vigilance","https://cards.scryfall.io/normal/front/7/a/7a88d2c4-9275-4e87-ac69-18218a57422d.jpg?1783909267"
"inr-25","Jace, Unraveler of Secrets Emblem","Emblem — Jace","","","","Whenever an opponent casts their first spell each turn, counter that spell.","https://cards.scryfall.io/normal/front/e/5/e5797bac-bf43-4c96-9f84-60db130a15bb.jpg?1783907962"
"war-5","Wizard","Token Creature — Wizard","2","2","U","","https://cards.scryfall.io/normal/front/7/b/7b0b95ce-4821-4955-a27c-93471240f54b.jpg?1783933354"
"afr-18","Mordenkainen Emblem","Emblem — Mordenkainen","","","","You have no maximum hand size.","https://cards.scryfall.io/normal/front/7/c/7c63f14a-db47-46aa-addf-7c6fc40169b9.jpg?1783926340"
"rvr-7","Dragon","Token Creature — Dragon","6","6","R","Flying","https://cards.scryfall.io/normal/front/a/f/af8209b4-f9db-4fff-b379-86f19669a82f.jpg?1783913156"
"hou-5","Proven Combatant","Token Creature — Zombie Human Warrior","4","4","B","","https://cards.scryfall.io/normal/front/7/c/7c9d8aac-c032-4e0d-a8ef-99a7c53c7a19.jpg?1783936068"
"blb-21","Pawpatch Recruit","Token Creature — Rabbit Warrior","1","1","G","Trample Whenever a creature you control becomes the target of a spell or ability an opponent controls, put a +1/+1 counter on target creature you control other than that creature. (This token's mana cost is {G}.)","https://cards.scryfall.io/normal/front/7/c/7cdd8679-93a7-4e58-a6f3-b48897697e89.jpg?1783909766"
"mb2-513","Essence of Ajani","Emblem","","","W","(As this spell resolves, put it into the command zone.) Whenever you cast a spell, you gain 1 life.","https://cards.scryfall.io/normal/front/7/d/7d5329a8-b3bd-498d-98c0-ba8b11ff7ddd.jpg?1783910536"
"mh2-12","Golem","Token Artifact Creature — Golem","4","4","RW","","https://cards.scryfall.io/normal/front/7/d/7ddb9e14-b299-4064-a41b-0fb6b078942e.jpg?1783926588"
"tdm-5","Soldier","Token Creature — Soldier","2","2","W","","https://cards.scryfall.io/normal/front/7/d/7ddd5153-2d16-4a4e-b9bc-f20313d322da.jpg?1783906788"
"tdm-13","Warrior","Token Creature — Warrior","1","1","R","","https://cards.scryfall.io/normal/front/7/e/7edc0515-a130-45a7-aa09-0e23bba41587.jpg?1783906783"
"mh2-2","Crab","Token Creature — Crab","0","3","U","","https://cards.scryfall.io/normal/front/7/e/7ef7f37a-b7f5-45a1-8f2b-7097089ca2e5.jpg?1783926593"
"clb-18","Volo's Journal","Token Legendary Artifact","","","","Hexproof Whenever you cast a creature spell, note one of its creature types that hasn't been noted for this artifact.","https://cards.scryfall.io/normal/front/7/f/7f0fe7c9-b0ab-4d48-94d0-99e7bee0c0de.jpg?1783922318"
"clb-30","Wizard","Token Creature — Wizard","1","1","U","{1}, Sacrifice this creature: Counter target noncreature spell unless its controller pays {1}.","https://cards.scryfall.io/normal/front/c/5/c53eb7d1-9c36-4184-b411-ebe65aa64230.jpg?1783922313"
"msc-24","Council of Reeds","Token Legendary Creature — Human Scientist Hero","2","2","","The ""legend rule"" doesn't apply to creatures you control. At the beginning of combat on your turn, if you've cast a noncreature spell this turn, create a token that's a copy of Council of Reeds. (This token's mana cost is {2}{U}.)","https://cards.scryfall.io/normal/front/7/f/7f625f8c-e842-4090-8e9a-3d0367d44635.jpg?1783902809"
"blb-9","Thundertrap Trainer","Token Creature — Otter Wizard","1","1","U","When this creature enters, look at the top four cards of your library. You may reveal a noncreature, nonland card from among them and put it into your hand. Put the rest on the bottom of your library in a random order. (This token's mana cost is {1}{U}.)","https://cards.scryfall.io/normal/front/8/0/80bcbe35-7764-4c75-b954-cbba11372dec.jpg?1783909769"
"scd-5","Cat Bird","Token Creature — Cat Bird","1","1","W","Flying","https://cards.scryfall.io/normal/front/b/9/b9bc5217-318b-4da8-a6f2-03f250871752.jpg?1783918580"
"tdft-14","Start Your Engines! // Max Speed","Card // Card","","","","","https://cards.scryfall.io/normal/front/c/2/c287becf-fc36-4c58-9d53-7b5870174c7d.jpg?1783903470"
"med-g8","Vraska, Golgari Queen Emblem","Emblem — Vraska","","","","Whenever a creature you control deals combat damage to a player, that player loses the game.","https://cards.scryfall.io/normal/front/8/2/828f3798-a495-42f8-b989-97f0fe662326.jpg?1783934205"
"msh-1","Wall","Token Creature — Wall","0","4","","Defender","https://cards.scryfall.io/normal/front/8/2/82d35a61-3c87-405d-b857-cf43067cb1c4.jpg?1783902804"
"ecl-3","Treefolk","Token Creature — Treefolk","3","4","G","Reach","https://cards.scryfall.io/normal/front/8/2/82e01706-ab45-4e52-9ee1-7070567234fd.jpg?1783904327"
"clb-46","Satyr","Token Creature — Satyr","2","2","GR","Haste","https://cards.scryfall.io/normal/front/8/3/831fbc86-e328-4c26-a8b2-35feb24f6430.jpg?1783922304"
"tle-2","Soldier","Token Creature — Soldier","2","2","R","","https://cards.scryfall.io/normal/front/8/3/83313791-7d33-42bf-8ee7-05f17f88940a.jpg?1783904740"
"arb-2","Lizard","Token Creature — Lizard","2","2","G","","https://cards.scryfall.io/normal/front/8/3/83790fd3-f371-494c-97a2-3aa469a399f1.jpg?1783942408"
"drc-13","Golem","Token Artifact Creature — Golem","3","3","","Flying","https://cards.scryfall.io/normal/front/d/d/ddd97e96-5757-4226-b3d0-b460406cd58f.jpg?1783907673"
"2x2-15","Boar","Token Creature — Boar","3","3","G","","https://cards.scryfall.io/normal/front/8/a/8a911fad-7af3-4bc4-bafc-cac2d5f18f22.jpg?1783921674"
"ema-7","Carnivore","Token Creature — Beast","3","1","R","","https://cards.scryfall.io/normal/front/8/4/8437b125-6057-4d17-9f2c-28ea56553f84.jpg?1783937530"
"woe-6","Nightmare","Token Creature — Nightmare","1","1","B","At the beginning of combat on your turn, if a card was put into exile this turn, put a +1/+1 counter on this creature.","https://cards.scryfall.io/normal/front/8/5/858428ee-3a9c-4dfc-84c2-751e59df2ed7.jpg?1783914991"
"rix-5","Huatli, Radiant Champion Emblem","Emblem — Huatli","","","","Whenever a creature enters the battlefield under your control, you may draw a card.","https://cards.scryfall.io/normal/front/8/5/859f645b-24e0-4c34-ae82-ba0ae9854377.jpg?1783935214"
"som-4","Insect","Token Creature — Insect","1","1","G","Infect (This creature deals damage to creatures in the form of -1/-1 counters and to players in the form of poison counters.)","https://cards.scryfall.io/normal/front/8/5/85f9e977-f718-41b2-b30b-77a9a17e9733.jpg?1783941681"
"dft-1","Pilot","Token Creature — Pilot","1","1","","This token saddles Mounts and crews Vehicles as though its power were 2 greater.","https://cards.scryfall.io/normal/front/8/6/8672d795-04f9-4089-9c92-6d6ff628da12.jpg?1783907682"
"afr-8","Vecna","Token Legendary Creature — Zombie God","8","8","B","Indestructible","https://cards.scryfall.io/normal/front/8/6/86881c5f-df5e-4f50-b554-e4c49d5316f9.jpg?1783926347"
"neo-10","Human Monk","Token Creature — Human Monk","1","1","G","{T}: Add {G}.","https://cards.scryfall.io/normal/front/8/6/86dd086e-c757-4a6a-8838-51860f2095f8.jpg?1783923713"
"tmt-4","Insect Warrior","Token Creature — Insect Warrior","1","1","B","Flying","https://cards.scryfall.io/normal/front/8/6/86e41be4-d555-4e35-b9b0-1e937ac5edce.jpg?1783904005"
"hou-8","Steadfast Sentinel","Token Creature — Zombie Human Cleric","4","4","B","Vigilance","https://cards.scryfall.io/normal/front/8/7/872694ba-0666-43c1-8884-47a2e92a127c.jpg?1783936066"
"sos-10","Spirit","Token Creature — Spirit","2","2","RW","","https://cards.scryfall.io/normal/front/8/7/877f7ddb-ed70-41a0-b845-d9bf8ac65f9b.jpg?1783903562"
"mh1-20","Serra the Benevolent Emblem","Emblem — Serra","","","","If you control a creature, damage that would reduce your life total to less than 1 reduces it to 1 instead.","https://cards.scryfall.io/normal/front/8/7/87dbb0b0-d898-491a-8ed9-efefca04e6e6.jpg?1783933218"
"mom-10","Knight","Token Creature — Knight","2","2","UW","Vigilance","https://cards.scryfall.io/normal/front/8/8/88439bfc-8942-473b-9e4f-863017788476.jpg?1783916669"
"khm-16","Troll Warrior","Token Creature — Troll Warrior","4","4","G","Trample","https://cards.scryfall.io/normal/front/8/8/8869a8cc-d196-417f-bba5-5ed31bae6a18.jpg?1783928078"
"gk1-2","Soldier // Soldier","Token Creature — Soldier // Token Creature — Soldier","","","","","https://cards.scryfall.io/normal/front/8/8/887efa4e-f713-4165-a7e1-b0f00ac81784.jpg?1783934011"
"gk2-4","Cleric","Token Creature — Cleric","1","1","BW","{3}{W}{B}{B}, {T}, Sacrifice this creature: Return a card named Deathpact Angel from your graveyard to the battlefield.","https://cards.scryfall.io/normal/front/8/8/88bb40e8-3057-4707-82e8-4b3d19d51e91.jpg?1783933514"
"40k-7","Zephyrim","Token Creature — Human Warrior","3","3","W","Flying, vigilance","https://cards.scryfall.io/normal/front/8/8/88be9551-c8d9-4486-b8f1-810f5dae12c8.jpg?1783920665"
"blb-24","Tender Wildguide","Token Creature — Possum Druid","1","1","G","{T}: Add one mana of any color. {T}: Put a +1/+1 counter on this creature. (This token's mana cost is {1}{G}.)","https://cards.scryfall.io/normal/front/8/8/88fb4e41-7ce4-45ca-b365-fcde289ffe8c.jpg?1783909766"
"inr-23","Arlinn, Embraced by the Moon Emblem","Emblem — Arlinn","","","","Creatures you control have haste and ""{T}: This creature deals damage equal to its power to any target.""","https://cards.scryfall.io/normal/front/8/9/89040321-0d64-4631-a80e-5bd585d6fa51.jpg?1783907963"
"cmm-8","Kor Soldier","Token Creature — Kor Soldier","1","1","W","","https://cards.scryfall.io/normal/front/8/9/8907c15d-831b-47d5-b2b5-7759876b8f33.jpg?1783915259"
"moc-20","Vampire Knight","Token Creature — Vampire Knight","1","1","B","Lifelink","https://cards.scryfall.io/normal/front/b/7/b764da8e-8052-4910-b1d0-f6def8078bec.jpg?1783916649"
"ddi-2","Koth of the Hammer Emblem","Emblem — Koth","","","","Mountains you control have '{T}: This land deals 1 damage to any target.'","https://cards.scryfall.io/normal/front/8/9/89afdaa4-3555-4adf-b3c4-63f905710c76.jpg?1783940750"
"hou-3","Dreamstealer","Token Creature — Zombie Human Wizard","4","4","B","Menace Whenever Dreamstealer deals combat damage to a player, that player discards that many cards.","https://cards.scryfall.io/normal/front/8/c/8c362d05-f2f7-4415-8937-f9f368986e61.jpg?1783936069"
"ust-14","Saproling // Saproling","Token Creature — Saproling // Token","","","","","https://cards.scryfall.io/normal/front/8/c/8ce60642-e207-46e6-b198-d803ff3b47f4.jpg?1783935356"
"e01-3","Horror","Token Creature — Horror","3","3","B","","https://cards.scryfall.io/normal/front/8/c/8cfb1a9c-3f34-4362-bc2d-4cd584488820.jpg?1783935820"
"dmu-6","Bird","Token Creature — Bird","1","1","B","Flying This creature can't block.","https://cards.scryfall.io/normal/front/8/d/8dce95d5-2ae7-4bd9-92f4-1cb3bed5f733.jpg?1783921131"
"tdm-9","Spirit","Token Creature — Spirit","*","*","W","","https://cards.scryfall.io/normal/front/8/e/8ea4fc2f-95a4-49d0-b06e-b88d19637737.jpg?1783906785"
"msh-20","Robot Villain","Token Artifact Creature — Robot Villain","2","2","","","https://cards.scryfall.io/normal/front/8/e/8eb1de03-fc45-45bd-bd1f-5b164104426e.jpg?1783902799"
"ktk-13","Sorin, Solemn Visitor Emblem","Emblem — Sorin","","","","At the beginning of each opponent's upkeep, that player sacrifices a creature.","https://cards.scryfall.io/normal/front/8/f/8f6e8950-5b1e-48b6-8d32-2a463455499d.jpg?1783939035"
"drc-16","Nalaar Aetherjet","Token Artifact — Vehicle","*","*","","Flying Crew 2 (Tap any number of creatures you control with total power 2 or more: This token becomes an artifact creature until end of turn.)","https://cards.scryfall.io/normal/front/8/f/8f712a61-12c3-4d8e-93be-2b00dce4acbc.jpg?1783907669"
"med-r4","Jaya Ballard Emblem","Emblem — Jaya","","","","You may cast instant and sorcery spells from your graveyard. If a spell cast this way would be put into your graveyard, exile it instead.","https://cards.scryfall.io/normal/front/a/0/a02ffa48-e414-493c-af51-1400913f8af4.jpg?1783934207"
"who-44","Dalek","Token Artifact Creature — Dalek","3","3","B","Menace","https://cards.scryfall.io/normal/front/8/f/8fde90b3-cd39-4ac5-b326-9ecc3d7d0d04.jpg?1783914705"
"msh-16","Zabu","Token Legendary Creature — Cat","2","2","G","Landfall — Whenever a land you control enters, put a +1/+1 counter on Zabu.","https://cards.scryfall.io/normal/front/8/f/8ff55043-379e-400c-9847-30b75e4a1322.jpg?1783902799"
"bro-12","Saheeli, Filigree Master Emblem","Emblem","","","","Artifact creatures you control get +1/+1. Artifact spells you cast cost {1} less to cast.","https://cards.scryfall.io/normal/front/9/0/9020571d-97fb-4f46-85ec-6cb3141bfc87.jpg?1783919903"
"lci-5","Merfolk","Token Creature — Merfolk","1","1","U","Hexproof (This creature can't be the target of spells or abilities your opponents control.)","https://cards.scryfall.io/normal/front/f/5/f5d353ad-7160-41fa-809c-d76b36478a2a.jpg?1783913608"
"msh-7","Redwing","Token Legendary Creature — Bird Scout","1","1","U","Flying Whenever Redwing attacks, surveil 1.","https://cards.scryfall.io/normal/front/9/0/905bbfdf-17c4-4493-a842-3112947d8e13.jpg?1783902803"
"dsk-8","Spirit","Token Creature — Spirit","*","*","U","Flying","https://cards.scryfall.io/normal/front/9/0/90f6d606-55ca-4431-ae61-5d4f05259403.jpg?1783909265"
"znr-1","Angel Warrior","Token Creature — Angel Warrior","4","4","W","Flying","https://cards.scryfall.io/normal/front/9/1/91098481-46c2-49bf-8123-e9cab2f22b84.jpg?1783929501"
"blc-20","Agate Instigator","Token Creature — Lizard Rogue","1","1","R","Whenever another creature you control enters, this creature deals 1 damage to each opponent. (This token's mana cost is {1}{R}.)","https://cards.scryfall.io/normal/front/9/1/917f0578-eb06-4317-9279-70f5e1eff5b2.jpg?1783909756"
"one-6","Phyrexian Beast","Token Creature — Phyrexian Beast","3","3","G","Toxic 1 (Players dealt combat damage by this creature also get a poison counter.)","https://cards.scryfall.io/normal/front/9/1/919381b0-2d23-4794-b4ff-923c23e18196.jpg?1783918168"
"tbng-2","Cat Soldier","Token Creature — Cat Soldier","1","1","W","Vigilance","https://cards.scryfall.io/normal/front/c/0/c0589f10-b81e-4454-a4f0-c39e20ad7781.jpg?1783913142"
"dft-4","Dinosaur Dragon","Token Creature — Dinosaur Dragon","4","4","R","Flying","https://cards.scryfall.io/normal/front/9/3/932aac56-2afa-4431-96fa-bd55d8bba983.jpg?1783907680"
"40k-12","Astartes Warrior","Token Creature — Astartes Warrior","2","2","B","Menace","https://cards.scryfall.io/normal/front/9/3/93bc9e79-88c8-436b-94f7-17b349baf306.jpg?1783920662"
"stx-1","Avatar","Token Creature — Avatar","3","6","BR","Haste Whenever this creature attacks, it deals 3 damage to each opponent.","https://cards.scryfall.io/normal/front/9/4/94a50acd-ac2d-47bf-b331-0bcf5edd9c75.jpg?1783927193"
"msc-32","Robot Hero","Token Artifact Creature — Robot Hero","2","1","","Flying (This token can't be blocked except by creatures with flying or reach.)","https://cards.scryfall.io/normal/front/9/5/952d0fa0-86fe-4ddc-84e8-48dc96f9dcda.jpg?1785056936"
"aer-3","Etherium Cell","Token Artifact","","","","{T}, Sacrifice this artifact: Add one mana of any color.","https://cards.scryfall.io/normal/front/9/6/9616ca53-ea6a-4fc1-8e01-94e0fb47e5ed.jpg?1783936711"
"m21-18","Liliana, Waker of the Dead Emblem","Emblem","","","","At the beginning of combat on your turn, put target creature card from a graveyard onto the battlefield under your control. It gains haste.","https://cards.scryfall.io/normal/front/9/6/968f207e-8e60-4dad-935c-71e0267c2399.jpg?1783930589"
"zen-6","Vampire","Token Creature — Vampire","*","*","B","","https://cards.scryfall.io/normal/front/9/6/969eff58-d91e-49e2-a1e1-8f32b4598810.jpg?1783942178"
"one-11","Phyrexian Mite","Token Artifact Creature — Phyrexian Mite","1","1","","Toxic 1 (Players dealt combat damage by this creature also get a poison counter.) This creature can't block.","https://cards.scryfall.io/normal/front/9/6/96ec91a9-659a-455f-98e0-cd30b6c6c2a4.jpg?1783918166"
"vow-12","Boar","Token Creature — Boar","3","1","G","","https://cards.scryfall.io/normal/front/9/7/975c4329-418a-4ada-82fa-9286fb61d61a.jpg?1783924695"
"bng-7","Elemental","Token Enchantment Creature — Elemental","3","1","R","","https://cards.scryfall.io/normal/front/9/7/97e5fee3-6dd9-4bbe-b64d-ddfa4b9d4256.jpg?1783939516"
"bng-8","Centaur","Token Enchantment Creature — Centaur","3","3","G","","https://cards.scryfall.io/normal/front/9/8/985be507-6125-4db2-b99f-8b61149ffeeb.jpg?1783939515"
"akh-2","Anointer Priest","Token Creature — Zombie Human Cleric","1","3","W","Whenever a creature token enters the battlefield under your control, you gain 1 life.","https://cards.scryfall.io/normal/front/9/8/98956e73-04e4-4d7f-bda5-cfa78eb71350.jpg?1783936416"
"tmt-3","Ninja Turtle Spirit","Token Creature — Ninja Turtle Spirit","1","1","W","","https://cards.scryfall.io/normal/front/9/8/98c32288-8676-44d0-b480-7eddcac1a0e4.jpg?1783904006"
"neo-16","Tamiyo's Notebook","Token Legendary Artifact","","","","Spells you cast cost {2} less to cast. {T}: Draw a card.","https://cards.scryfall.io/normal/front/9/9/992cb1e0-e846-4710-b49e-a748e4ebffa5.jpg?1783923709"
"tdm-8","Spirit","Token Creature — Spirit","3","3","W","","https://cards.scryfall.io/normal/front/9/9/997edcc4-6021-4443-9470-3fd7f7595cc6.jpg?1783906785"
"ecc-11","Scarecrow","Token Artifact Creature — Scarecrow","2","2","","","https://cards.scryfall.io/normal/front/9/a/9ae02771-2917-4d6e-9608-1a592389439a.jpg?1783904329"
"40k-22","Insect","Token Artifact Creature — Insect","1","1","","Flying","https://cards.scryfall.io/normal/front/9/a/9af00a97-9938-4ab2-938a-669cdfe4332a.jpg?1783920658"
"ltc-7","Wraith","Token Creature — Wraith","3","3","B","Menace","https://cards.scryfall.io/normal/front/9/a/9afb58e8-f5a7-49f9-8287-77757bd3268c.jpg?1783916058"
"ust-18","Clue // Clue","Token Artifact — Clue // Token","","","","","https://cards.scryfall.io/normal/front/9/b/9b111525-0600-4bae-94a3-df8f9472388f.jpg?1783935355"
"tdc-7","Wall","Token Creature — Wall","1","3","W","Defender","https://cards.scryfall.io/normal/front/9/b/9b154f90-cc26-4e45-b751-854e2017cd40.jpg?1783906806"
"blc-23","Prosperous Bandit","Token Creature — Raccoon Rogue","1","1","R","First strike Whenever this creature deals combat damage to a player, create that many tapped Treasure tokens. (This token's mana cost is {2}{R}.)","https://cards.scryfall.io/normal/front/9/b/9b338247-1f5c-43b7-a66d-ddee01426917.jpg?1783909755"
"und-1","Beeble","Token Creature — Beeble","1","1","U","","https://cards.scryfall.io/normal/front/9/b/9bbfa4d4-106b-4fec-86ac-b81b71a8f432.jpg?1783931314"
"vow-21","Day // Night","Card // Card","","","","","https://cards.scryfall.io/normal/front/d/c/dc26e13b-7a0f-4e7f-8593-4f22234f4517.jpg?1783924696"
"lcc-11","Dinosaur Beast","Token Creature — Dinosaur Beast","*","*","G","Trample","https://cards.scryfall.io/normal/front/c/e/ce81e7fe-66fc-4073-a920-bdfc0bf860b9.jpg?1783913612"
"c20-10","Elemental","Token Creature — Elemental","3","1","R","","https://cards.scryfall.io/normal/front/9/d/9d952cde-4b40-4a05-833e-029da3554c6d.jpg?1783931101"
"hob-6","Dwarf Token","Token Creature — Dwarf","2","2","","","https://cards.scryfall.io/normal/front/9/f/9fcb3a3f-c0d4-43d4-8549-826a38bfa27d.jpg?1783902771"
"gk1-1","Copy // Horror","Token // Token Creature — Horror","","","","","https://cards.scryfall.io/normal/front/a/0/a020dc47-3747-4123-9954-f0e87a858b8c.jpg?1783934010"
"woc-16","Faerie Rogue","Token Creature — Faerie Rogue","1","1","BU","Flying","https://cards.scryfall.io/normal/front/f/b/fb01ca03-8784-4f05-a19e-59d12949cf85.jpg?1783914993"
"c21-8","Horror","Token Creature — Horror","4","4","B","","https://cards.scryfall.io/normal/front/a/0/a0b5e1f4-9206-40b6-9cf6-331f6a95d045.jpg?1783927203"
"mid-3","Bird","Token Creature — Bird","1","1","U","Flying This creature can block only creatures with flying.","https://cards.scryfall.io/normal/front/a/0/a0f7b2f0-16d3-4db0-a737-c7b8dcb9d5de.jpg?1783925225"
"mom-8","Phyrexian Saproling","Token Creature — Phyrexian Saproling","1","1","G","","https://cards.scryfall.io/normal/front/a/1/a10358f5-d653-49a0-9d81-a5d4e6dafe25.jpg?1783916669"
"xln-2","Illusion","Token Creature — Illusion","2","2","U","When this creature becomes the target of a spell, sacrifice it.","https://cards.scryfall.io/normal/front/a/1/a10729a5-061a-4daf-91d6-0f6ce813a992.jpg?1783935810"
"unf-1","Cat","Token Creature — Cat","2","2","W","Flying","https://cards.scryfall.io/normal/front/a/1/a16b4228-ed85-4d31-8760-88539b9a3cf9.jpg?1783920627"
"eoe-9","Munitions","Token Artifact","","","","When this token leaves the battlefield, it deals 2 damage to any target.","https://cards.scryfall.io/normal/front/a/1/a16f931a-9fa3-45b1-8d54-04b6b5bf7b71.jpg?1783905784"
"drc-1","Angel of Sanctions","Token Creature — Zombie Angel","3","4","W","Flying When Angel of Sanctions enters the battlefield, you may exile target nonland permanent an opponent controls until Angel of Sanctions leaves the battlefield.","https://cards.scryfall.io/normal/front/e/e/eee11a08-6cdc-4c47-9ad4-26b766e4a839.jpg?1783907676"
"mom-12","Phyrexian Hydra","Token Creature — Phyrexian Hydra","3","3","GW","Lifelink","https://cards.scryfall.io/normal/front/a/1/a1bb0ec0-729e-4dcb-bab4-9f31c1056ab3.jpg?1783916668"
"moc-44","Teferi's Talent Emblem","Emblem","","","","You may activate loyalty abilities of planeswalkers you control on any player's turn any time you could cast an instant.","https://cards.scryfall.io/normal/front/a/2/a21250a0-8c87-4f0d-805b-5500a254dfbf.jpg?1783916641"
"med-r5","Tamiyo, the Moon Sage Emblem","Emblem — Tamiyo","","","","You have no maximum hand size. Whenever a card is put into your graveyard from anywhere, you may return it to your hand.","https://cards.scryfall.io/normal/front/a/2/a23051f6-b2e6-42b2-86ea-ed8535ba0922.jpg?1783934207"
"mom-15","Warrior","Token Creature — Warrior","3","2","RW","Whenever this creature and at least one other creature token attack, put a +1/+1 counter on this creature.","https://cards.scryfall.io/normal/front/a/2/a2661ea2-7ff6-4188-9d40-f18bb625ed52.jpg?1783916668"
"clb-23","Shapeshifter","Token Creature — Shapeshifter","2","2","","Changeling","https://cards.scryfall.io/normal/front/c/d/cd65e932-8ed6-424b-958f-d8edad2aa2f4.jpg?1783922314"
"dft-12","Vehicle","Token Artifact — Vehicle","3","2","","Crew 1 (Tap any number of creatures you control with total power 1 or more: This token becomes an artifact creature until end of turn.)","https://cards.scryfall.io/normal/front/a/3/a3803365-ed78-409f-8ca5-7aa3634faf76.jpg?1783907677"
"khm-6","Giant Wizard","Token Creature — Giant Wizard","4","4","U","","https://cards.scryfall.io/normal/front/a/4/a40a0cb8-0caf-4dd1-b7d0-abbc626985d2.jpg?1783928080"
"neo-7","Dragon Spirit","Token Creature — Dragon Spirit","5","5","R","Flying","https://cards.scryfall.io/normal/front/a/4/a4c06e08-2026-471d-a6d0-bbb0f040420a.jpg?1783923715"
"m20-4","Elemental Bird","Token Creature — Elemental Bird","4","4","U","Flying","https://cards.scryfall.io/normal/front/a/5/a5582cd9-97e7-426f-a084-c05e2113ad13.jpg?1783932855"
"otc-13","Dragon Elemental","Token Creature — Dragon Elemental","4","4","R","Flying Prowess (Whenever you cast a noncreature spell, this creature gets +1/+1 until end of turn.)","https://cards.scryfall.io/normal/front/a/5/a59cf525-c9b6-4dc1-9f98-199436fb90f4.jpg?1783911679"
"dmu-22","Ornithopter","Token Artifact Creature — Thopter","0","2","","Flying","https://cards.scryfall.io/normal/front/a/6/a63d3174-75af-4dfa-b2f9-c4330c755af1.jpg?1783921125"
"2xm-30","Wurm","Token Artifact Creature — Wurm","3","3","","Lifelink","https://cards.scryfall.io/normal/front/a/6/a6ee0db9-ac89-4ab6-ac2e-8a7527d9ecbd.jpg?1783930224"
"ala-10","Beast","Token Creature — Beast","8","8","GRW","","https://cards.scryfall.io/normal/front/a/7/a7382e4b-43dc-4b35-8a9e-ab886ea0a981.jpg?1783942524"
"kld-12","Dovin Baan Emblem","Emblem — Dovin","","","","Your opponents can't untap more than two permanents during their untap steps.","https://cards.scryfall.io/normal/front/a/7/a76ccde7-c78d-4f4a-9fe4-ad6986e2cb8e.jpg?1783937237"
"pip-10","Soldier","Token Creature — Soldier","1","1","RW","Haste","https://cards.scryfall.io/normal/front/a/a/aae7bdfe-fe14-4a18-b2b0-16e9175a0441.jpg?1783912044"
"rix-4","Golem","Token Artifact Creature — Golem","4","4","","","https://cards.scryfall.io/normal/front/a/7/a7820eb9-6d7f-4bc4-b421-4e4420642fb7.jpg?1783935214"
"tmt-5","Ninja","Token Creature — Ninja","1","1","B","","https://cards.scryfall.io/normal/front/a/7/a7b76498-d696-40d1-b7c7-91657525b44f.jpg?1783904004"
"lci-11","Dinosaur Egg","Token Creature — Dinosaur Egg","0","1","G","","https://cards.scryfall.io/normal/front/a/7/a7e24a8f-3663-47c6-94b1-4525ae9da3b5.jpg?1783913607"
"gk2-1","Bird","Token Creature — Bird","1","1","UW","Flying","https://cards.scryfall.io/normal/front/a/8/a813c741-d0d4-48cd-9bbf-8a04a544ce8e.jpg?1783933515"
"woe-18","On an Adventure","Card","","","","After an Adventure resolves, you can place the exiled card here. You may cast the creature from exile.","https://cards.scryfall.io/normal/front/f/c/fcf4c7fb-7859-4c11-8552-6817f5119d2e.jpg?1783914988"
"akh-4","Aven Wind Guide","Token Creature — Zombie Bird Warrior","2","3","W","Flying, vigilance Creature tokens you control have flying and vigilance.","https://cards.scryfall.io/normal/front/a/8/a8f339c6-2c0d-4631-849b-44d4360b5131.jpg?1783936415"
"mid-17","Teferi, Who Slows the Sunset Emblem","Emblem","","","","Untap all permanents you control during each opponent's untap step. You draw a card during each opponent's draw step.","https://cards.scryfall.io/normal/front/a/9/a970bebc-08e1-4125-a4c5-8883dfd5a5ca.jpg?1783925219"
"dde-2","Minion","Token Creature — Minion","*","*","B","","https://cards.scryfall.io/normal/front/a/9/a9930d11-4772-4fc2-abbd-9af0a9b23a3e.jpg?1783942014"
"moc-23","Feather","Token Artifact","","","R","{1}, Sacrifice Feather: Return target Phoenix card from your graveyard to the battlefield tapped.","https://cards.scryfall.io/normal/front/e/4/e401e2a8-d0a3-4517-ba20-449a1fff7f85.jpg?1783916647"
"bng-6","Zombie","Token Enchantment Creature — Zombie","2","2","B","","https://cards.scryfall.io/normal/front/a/a/aa525567-24f3-4ad4-b0b2-3b09d87cd106.jpg?1783939515"
"akh-9","Oketra's Attendant","Token Creature — Zombie Bird Soldier","3","3","W","Flying","https://cards.scryfall.io/normal/front/a/a/aa5fedcd-e5d5-4250-b64e-a04772cb9025.jpg?1783936415"
"40k-5","Space Marine Devastator","Token Creature — Astartes Warrior","3","3","W","When Space Marine Devastator enters the battlefield, destroy up to one target artifact or enchantment.","https://cards.scryfall.io/normal/front/a/a/aa796e45-1d95-44f7-927d-0cdd2f67da78.jpg?1783920667"
"thb-5","Reflection","Token Creature — Reflection","3","2","U","","https://cards.scryfall.io/normal/front/a/b/ab1c23b2-ac39-46b1-aa2b-7d6cbedba767.jpg?1783931454"
"40k-11","Arco-Flagellant","Token Creature — Human","3","1","B","Arco-Flagellant can't block. Pay 3 life: Arco-Flagellant gains indestructible until end of turn.","https://cards.scryfall.io/normal/front/a/c/acb3325d-0b43-471b-9311-1c5ba14b06cf.jpg?1783920663"
"pip-20","Wasteland Survival Guide","Token Artifact — Equipment","","","","Equipped creature gets +1/+1 for each quest counter among permanents you control. Equip {1}","https://cards.scryfall.io/normal/front/a/d/ad073c87-42f2-45f0-9613-2cdbd0abf719.jpg?1783912040"
"ddt-1","Elemental","Token Creature — Elemental","1","0","U","","https://cards.scryfall.io/normal/front/a/e/ae196fbc-c9ee-4dba-9eb3-52209908b898.jpg?1783935620"
"dmu-25","Ajani, Sleeper Agent Emblem","Emblem","","","","Whenever you cast a creature or planeswalker spell, target opponent gets two poison counters.","https://cards.scryfall.io/normal/front/a/e/ae9ee46d-b2f4-4710-bf7d-1d7a5ec0aefe.jpg?1783921123"
"fdn-12","Ninja","Token Creature — Ninja","2","1","U","","https://cards.scryfall.io/normal/front/a/e/aeec04b1-475c-4e55-b72f-327ea5258146.jpg?1783908590"
"ust-10","Brainiac","Token Creature — Brainiac","1","1","R","","https://cards.scryfall.io/normal/front/a/f/af1a8115-127d-4268-a4d0-95360862e5fb.jpg?1783935352"
"fic-8","The Blackjack","Token Legendary Artifact — Vehicle","3","3","","Flying, crew 2","https://cards.scryfall.io/normal/front/a/f/af39ce29-47bb-42bf-8d3d-224bdce96a83.jpg?1783906141"
"c19-22","Gargoyle","Token Artifact Creature — Gargoyle","3","4","","Flying","https://cards.scryfall.io/normal/front/b/1/b10d8407-03a8-4ab8-a30a-4d9b651be863.jpg?1783932826"
"rvr-19","Voja","Token Legendary Creature — Wolf","2","2","GW","","https://cards.scryfall.io/normal/front/a/f/af8ba142-4f39-45e4-8872-b6e348fd760c.jpg?1783913148"
"msc-26","Ape Villain","Token Creature — Ape Villain","3","3","R","Haste","https://cards.scryfall.io/normal/front/b/0/b0212004-3d0b-4dcd-b166-e5f80cb150a1.jpg?1783902809"
"gs1-t1","Mowu // Mowu","Token Legendary Creature — Dog // Token Legendary Creature — Dog","","","","","https://cards.scryfall.io/normal/front/b/1/b10441dd-9029-4f95-9566-d3771ebd36bd.jpg?1783934643"
"uma-12","Spark Elemental","Token Creature — Elemental","3","1","R","Trample, haste At the beginning of the end step, sacrifice Spark Elemental.","https://cards.scryfall.io/normal/front/b/1/b1270173-72fc-489a-beef-85e2d8096bd7.jpg?1783933880"
"40k-15","Plaguebearer of Nurgle","Token Creature — Demon","1","3","B","","https://cards.scryfall.io/normal/front/b/1/b19d2866-87e7-40ab-9684-0593caeb223e.jpg?1783920661"
"c18-4","Mask","Token Enchantment — Aura","","","W","Enchant permanent Totem armor (If enchanted permanent would be destroyed, instead remove all damage from it and destroy this Aura.)","https://cards.scryfall.io/normal/front/b/2/b21b5504-c5ef-4dfc-8219-8db90aca7694.jpg?1783934358"
"znr-11","Goblin Construct","Token Artifact Creature — Goblin Construct","0","1","","This creature can't block. At the beginning of your upkeep, this creature deals 1 damage to you.","https://cards.scryfall.io/normal/front/b/2/b24a63e2-c2b3-43f8-a15a-68886bec7d60.jpg?1783929495"
"bot-2","Ravage","Token Legendary Artifact Creature — Robot","3","3","B","Menace, deathtouch","https://cards.scryfall.io/normal/front/b/3/b3170b92-b4eb-4826-92ed-85deba4c4c88.jpg?1783919879"
"p03-7","Rukh","Token Creature — Rukh","4","4","R","Flying","https://cards.scryfall.io/normal/front/b/5/b5489e26-6aec-4706-9c3e-8454878fa6c3.jpg?1783944983"
"m21-17","Garruk, Unleashed Emblem","Emblem","","","","At the beginning of your end step, you may search your library for a creature card, put it onto the battlefield, then shuffle your library.","https://cards.scryfall.io/normal/front/b/5/b572a46c-8bd0-4af8-bc76-2c65841c27b9.jpg?1783930590"
"cm2-14","Triskelavite","Token Artifact Creature — Triskelavite","1","1","","Flying","https://cards.scryfall.io/normal/front/b/5/b5ddb67c-82fb-42d6-a4c2-11cd38eb128d.jpg?1783934658"
"vow-3","Spirit","Token Creature — Spirit","4","4","W","Flying","https://cards.scryfall.io/normal/front/b/6/b61e7f44-c112-4501-8850-0565fc857397.jpg?1783924698"
"30a-7","Skeleton","Token Creature — Skeleton","1","1","B","","https://cards.scryfall.io/normal/front/b/6/b63b11cd-4a96-49d5-aee1-b0ff02ef49bb.jpg?1783919204"
"rtr-12","Elemental","Token Creature — Elemental","8","8","GW","Vigilance","https://cards.scryfall.io/normal/front/b/6/b64c5f80-4676-4860-be0e-20bcf2227405.jpg?1783940381"
"who-11","Alien Angel","Token Artifact Creature — Alien Angel","2","2","B","First strike, vigilance Whenever an opponent casts a creature spell, this permanent isn't a creature until end of turn.","https://cards.scryfall.io/normal/front/b/6/b65e872a-ba16-4df2-9214-60019fd6456a.jpg?1783914716"
"q07-t12","Goblin // Blood","Token Creature — Goblin // Token Artifact — Blood","","","","","https://cards.scryfall.io/normal/front/b/7/b72fe493-f712-45b3-9af2-7f96a31cad85.jpg?1783923599"
"jou-1","Sphinx","Token Creature — Sphinx","4","4","U","Flying","https://cards.scryfall.io/normal/front/b/7/b74f1983-e9ac-47f0-836d-843a53c054cc.jpg?1783939394"
"arb-1","Bird Soldier","Token Creature — Bird Soldier","1","1","W","Flying","https://cards.scryfall.io/normal/front/b/7/b7b55dcf-ae63-4b84-8d39-80b5a6de3c1a.jpg?1783942409"
"war-6","Assassin","Token Creature — Assassin","1","1","B","Deathtouch Whenever this creature deals damage to a planeswalker, destroy that planeswalker.","https://cards.scryfall.io/normal/front/b/7/b7e997ac-5a4a-4555-9b37-06c25a5db356.jpg?1783933353"
"dsk-5","Insect","Token Creature — Insect","2","1","W","Flying","https://cards.scryfall.io/normal/front/b/8/b802aea8-0ca3-4d2c-a8ef-a80e16729c9b.jpg?1783909266"
"tdm-7","Spirit","Token Creature — Spirit","2","2","W","","https://cards.scryfall.io/normal/front/b/8/b83a7343-9f5f-4b79-8929-c84011de401c.jpg?1783906785"
"eoe-11","Tezzeret, Cruel Captain Emblem","Emblem","","","","At the beginning of combat on your turn, put three +1/+1 counters on target artifact you control. If it's not a creature, it becomes a 0/0 Robot artifact creature.","https://cards.scryfall.io/normal/front/b/9/b97ae026-a3d3-4130-bf6f-aeeb3a1ab520.jpg?1783905782"
"cmm-68","Sliver Army","Token Creature — Sliver Army","0","0","B","","https://cards.scryfall.io/normal/front/b/9/b9821f26-04b4-460b-880e-5052122b21ae.jpg?1783915231"
"afc-9","Dragon Spirit","Token Creature — Dragon Spirit","5","4","GR","When this creature deals damage, sacrifice it.","https://cards.scryfall.io/normal/front/b/9/b997ace9-ea21-437c-b9cd-128d02f58fa7.jpg?1783926351"
"drc-15","Golem","Token Artifact Creature — Golem","3","3","","Vigilance","https://cards.scryfall.io/normal/front/f/3/f3cf61ad-c9fb-405e-a0a9-0ab147a984b4.jpg?1783907671"
"dmu-8","Phyrexian","Token Creature — Phyrexian","2","2","B","","https://cards.scryfall.io/normal/front/b/a/ba2a7b17-a65a-4c37-bc2b-8be5ff8ce692.jpg?1783921129"
"pip-7","Zombie Mutant","Token Creature — Zombie Mutant","2","2","B","","https://cards.scryfall.io/normal/front/b/a/ba45bc9c-8257-43f8-9ba1-116b9fea90f4.jpg?1783912046"
"ths-9","Satyr","Token Creature — Satyr","2","2","GR","","https://cards.scryfall.io/normal/front/b/a/baa93038-2849-4c26-ab4f-1d50d276659f.jpg?1783939699"
"blb-28","Sword","Token Artifact — Equipment","","","","Equipped creature gets +1/+1 Equip {2}","https://cards.scryfall.io/normal/front/b/b/bb1e78e6-a9e7-48a4-9231-61fb331c5837.jpg?1783909763"
"dsk-9","Demon","Token Creature — Demon","6","6","B","Flying","https://cards.scryfall.io/normal/front/b/b/bba307eb-814c-4c87-acdf-b54c87d04f82.jpg?1783909266"
"ltc-3","Halfling","Token Creature — Halfling","1","1","W","","https://cards.scryfall.io/normal/front/b/b/bbd9ff58-4d38-4d34-9dfc-6f788830297e.jpg?1783916062"
"40k-16","Spawn","Token Creature — Spawn","3","3","R","","https://cards.scryfall.io/normal/front/b/c/bc938f2e-2d6e-4afd-9a88-34eeaf0b51e3.jpg?1783920661"
"neo-19","Tezzeret, Betrayer of Flesh Emblem","Emblem","","","","Whenever an artifact you control becomes tapped, draw a card.","https://cards.scryfall.io/normal/front/b/d/bdb4fa32-18dd-4530-a529-5477e45413dd.jpg?1783923709"
"arb-4","Zombie Wizard","Token Creature — Zombie Wizard","1","1","BU","","https://cards.scryfall.io/normal/front/b/d/bde17901-35fb-4045-8ba5-deab046cd44f.jpg?1783942408"
"neo-1","Pilot","Token Creature — Pilot","1","1","","This creature crews Vehicles as though its power were 2 greater.","https://cards.scryfall.io/normal/front/b/e/be84f259-2809-48c9-9c70-861437f08c23.jpg?1783923717"
"otp-1","Human Cleric","Token Creature — Human Cleric","2","1","RW","Lifelink, haste","https://cards.scryfall.io/normal/front/b/f/bf59bdc8-ddc2-4088-b187-be762052300a.jpg?1783911660"
"fdn-24","Kaito, Cunning Infiltrator Emblem","Emblem","","","","Whenever a player casts a spell, you create a 2/1 blue Ninja creature token.","https://cards.scryfall.io/normal/front/b/f/bfe4b1d5-f252-48fe-b4a1-7fbbc2523cf1.jpg?1783908587"
"gk1-5","Saproling // Insect","Token Creature — Saproling // Token Creature — Insect","","","","","https://cards.scryfall.io/normal/front/c/0/c06bcc5b-4ccd-452d-8579-beee6c5cbe98.jpg?1783934008"
"cma-18","Drake","Token Creature — Drake","2","2","GU","Flying","https://cards.scryfall.io/normal/front/c/0/c06d2c07-7d3e-46e3-86f0-7ceba3b0aee0.jpg?1783936169"
"drc-6","Timeless Dragon","Token Creature — Zombie Dragon","4","4","B","Flying","https://cards.scryfall.io/normal/front/c/1/c111aa4c-f0ae-4fe6-bb52-8feadb0f2680.jpg?1783907676"
"hou-6","Resilient Khenra","Token Creature — Zombie Jackal Wizard","4","4","B","When Resilient Khenra enters the battlefield, you may have target creature get +X/+X until end of turn, where X is Resilient Khenra's power.","https://cards.scryfall.io/normal/front/c/1/c1326c5d-b5a5-4942-b15d-37830ac62c7d.jpg?1783936067"
"m3c-2","Eldrazi Angel","Token Creature — Eldrazi Angel","4","4","","Flying, vigilance","https://cards.scryfall.io/normal/front/c/1/c1ce831f-3e80-4205-884f-a912b5d53742.jpg?1783911128"
"neo-9","Spirit","Token Creature — Spirit","2","2","R","Menace (This creature can't be blocked except by two or more creatures.)","https://cards.scryfall.io/normal/front/c/2/c20e427c-efa5-476c-aa33-e3149648d207.jpg?1783923714"
"blb-20","Bushy Bodyguard","Token Creature — Squirrel Warrior","1","1","G","When this creature enters, you may forage. If you do, put two +1/+1 counters on it. (This token's mana cost is {1}{G}.)","https://cards.scryfall.io/normal/front/c/2/c247d48f-d1e9-4b28-b372-bf4eea67cb8c.jpg?1783909767"
"fin-12","Robot Warrior","Token Artifact Creature — Robot Warrior","3","3","U","","https://cards.scryfall.io/normal/front/c/2/c2b4e93b-6b27-4dd3-a6dd-a75d6fab14dc.jpg?1783906134"
"inr-26","Tamiyo, Field Researcher Emblem","Emblem — Tamiyo","","","","You may cast nonland cards from your hand without paying their mana costs.","https://cards.scryfall.io/normal/front/e/0/e01bb7a6-0aec-4c70-bb8c-05b3ad904944.jpg?1783907961"
"tsr-5","Knight","Token Creature — Knight","2","2","B","Protection from white, haste Flanking (Whenever a creature without flanking blocks this creature, the blocking creature gets -1/-1 until end of turn.)","https://cards.scryfall.io/normal/front/c/3/c31ce82f-6c4a-4986-be1e-032348504ad6.jpg?1783927697"
"thb-4","Kraken","Token Creature — Kraken","8","8","U","Hexproof (This creature can't be the target of spells or abilities your opponents control.)","https://cards.scryfall.io/normal/front/c/3/c3365aea-823d-44a9-94d3-ed2a31d85f34.jpg?1783931458"
"afr-17","Lolth, Spider Queen Emblem","Emblem — Lolth","","","","Whenever an opponent is dealt combat damage by one or more creatures you control, if that player lost less than 8 life this turn, they lose life equal to the difference.","https://cards.scryfall.io/normal/front/c/3/c34001fd-0e9b-445b-9c0b-381721dfebc2.jpg?1783926340"
"afr-19","Zariel, Archduke of Avernus Emblem","Emblem — Zariel","","","","At the end of the first combat phase on your turn, untap target creature you control. After this phase, there is an additional combat phase.","https://cards.scryfall.io/normal/front/c/3/c36520c3-627a-40b9-a5c7-42cc4c813b67.jpg?1783926340"
"eoe-10","Robot","Token Artifact Creature — Robot","2","2","","","https://cards.scryfall.io/normal/front/c/4/c46f9a07-005c-44b7-8057-b2f00b274dd6.jpg?1783905782"
"hou-4","Earthshaker Khenra","Token Creature — Zombie Jackal Warrior","4","4","B","Haste When Earthshaker Khenra enters the battlefield, target creature with power less than or equal to Earthshaker Khenra's power can't block this turn.","https://cards.scryfall.io/normal/front/c/4/c4bb3bd7-5aef-495e-81ba-f5d287981dbd.jpg?1783936069"
"thb-12","Nightmare","Token Creature — Nightmare","2","3","BU","Whenever this creature attacks or blocks, each opponent exiles the top two cards of their library.","https://cards.scryfall.io/normal/front/c/5/c528581f-f671-45ae-8d7a-ae26a4e62ceb.jpg?1783931456"
"khm-10","Demon Berserker","Token Creature — Demon Berserker","2","3","R","Menace (This creature can't be blocked except by two or more creatures.)","https://cards.scryfall.io/normal/front/c/5/c58def55-f2ca-4c41-b891-c32e5220fc66.jpg?1783928079"
"aer-1","Gremlin","Token Creature — Gremlin","2","2","R","","https://cards.scryfall.io/normal/front/c/6/c6071fed-39c1-4f3b-a821-1611aedd8054.jpg?1783936713"
"cn2-8","Goblin","Token Creature — Goblin","1","1","R","This creature can't block.","https://cards.scryfall.io/normal/front/c/6/c63967fe-62da-4c27-9aa7-67adc77b2baf.jpg?1783937274"
"dmu-11","Elemental","Token Creature — Elemental","2","1","R","Trample, haste","https://cards.scryfall.io/normal/front/c/6/c6b2ff6f-d55a-4fa2-86be-e2e012267de4.jpg?1783921129"
"unf-6","Zombie Employee","Token Creature — Zombie Employee","2","2","B","","https://cards.scryfall.io/normal/front/c/6/c6d7d1d3-8989-4c54-9029-c1298c6ff8ca.jpg?1783920623"
"otj-9","Dinosaur","Token Creature — Dinosaur","3","1","R","","https://cards.scryfall.io/normal/front/c/7/c75c01ea-427d-4401-b5b0-166e87c4585e.jpg?1783911527"
"blb-26","Cragflame","Token Legendary Artifact — Equipment","","","","Equipped creature gets +1/+1 and has vigilance, trample, and haste. Equip {2}","https://cards.scryfall.io/normal/front/c/7/c76fa1c6-6000-47b2-9188-9c15b2c73f8f.jpg?1783909763"
"akh-13","Trueheart Duelist","Token Creature — Zombie Human Warrior","2","2","W","Trueheart Duelist can block an additional creature each combat.","https://cards.scryfall.io/normal/front/c/7/c770d91c-b7d1-44ef-922d-128cb3faef08.jpg?1783936412"
"med-r2","Dack Fayden Emblem","Emblem — Dack","","","","Whenever you cast a spell that targets one or more permanents, gain control of those permanents.","https://cards.scryfall.io/normal/front/c/8/c80136c2-7230-4fe5-b7dc-37ee32f1bd8e.jpg?1783934212"
"rvr-17","Sphinx","Token Creature — Sphinx","4","4","UW","Flying, vigilance","https://cards.scryfall.io/normal/front/c/8/c8651719-b875-48ce-b68b-ac7c0713ddf8.jpg?1783913151"
"mh3-35","Tamiyo, Seasoned Scholar Emblem","Emblem","","","","You have no maximum hand size.","https://cards.scryfall.io/normal/front/c/8/c88e2bea-9c95-447e-bc9d-7d7f8ea40567.jpg?1783911108"
"blb-6","Finch Formation","Token Creature — Bird Scout","1","1","U","Flying When this creature enters, target creature you control gains flying until end of turn. (This token's mana cost is {2}{U}.)","https://cards.scryfall.io/normal/front/c/8/c8be9b74-6f1a-4692-a09a-1013cae4da18.jpg?1783909771"
"dsc-5","Bird","Token Creature — Bird","2","2","B","Flying","https://cards.scryfall.io/normal/front/c/9/c94d14b1-0038-4e90-9335-54aef2890486.jpg?1783909277"
"ema-5","Serf","Token Creature — Serf","0","1","B","","https://cards.scryfall.io/normal/front/c/9/c98dbedd-b1f1-4a9c-af37-8ce2ae07a247.jpg?1783937530"
"soc-24","Primo, the Indivisible","Token Legendary Creature — Fractal","0","0","GU","","https://cards.scryfall.io/normal/front/c/9/c990db6b-e1f2-4802-b8b1-80a8b768be0e.jpg?1783903571"
"ddi-1","Venser, the Sojourner Emblem","Emblem — Venser","","","","Whenever you cast a spell, exile target permanent.","https://cards.scryfall.io/normal/front/c/9/c9ad6e7a-8ad8-4a35-b6c9-151720d88af9.jpg?1783940750"
"moc-1","Eldrazi","Token Creature — Eldrazi","7","7","","Annihilator 1 (Whenever this creature attacks, defending player sacrifices a permanent.)","https://cards.scryfall.io/normal/front/c/9/c9d54def-823f-4997-b0eb-6c5e44de77bd.jpg?1783916656"
"onc-8","Soldier","Token Creature — Soldier","2","2","W","Vigilance","https://cards.scryfall.io/normal/front/f/1/f1684175-6e03-4934-92e3-e2a32725f7f9.jpg?1783918176"
"iko-6","Kraken","Token Creature — Kraken","8","8","U","","https://cards.scryfall.io/normal/front/c/a/ca17c7b2-180a-4bd1-9ab2-152f8f656dba.jpg?1783930947"
"bng-4","Bird","Token Enchantment Creature — Bird","2","2","U","Flying","https://cards.scryfall.io/normal/front/c/a/ca6ce21f-2a29-480e-91f9-b089232863ff.jpg?1783939516"
"mom-4","Kraken","Token Creature — Kraken","1","1","U","Trample","https://cards.scryfall.io/normal/front/c/b/cb727dec-dd82-4072-b2ec-a4e31b58752f.jpg?1783916673"
"c20-16","Dinosaur Cat","Token Creature — Dinosaur Cat","2","2","RW","","https://cards.scryfall.io/normal/front/c/b/cb87f3e1-f4ba-459d-9bb9-6651fe073a0a.jpg?1783931098"
"neo-6","Construct","Token Artifact Creature — Construct","3","1","R","Haste","https://cards.scryfall.io/normal/front/c/b/cbafdfc0-380a-482b-b5f8-a7a00ecf8da6.jpg?1783923715"
"tsr-12","Llanowar Elves","Token Creature — Elf Druid","1","1","G","{T}: Add {G}.","https://cards.scryfall.io/normal/front/c/b/cbcb0668-e88c-4462-b079-34f140c0277e.jpg?1783927695"
"lci-3","Gnome Soldier","Token Artifact Creature — Gnome Soldier","*","*","W","This creature's power and toughness are each equal to the number of artifacts and/or creatures you control.","https://cards.scryfall.io/normal/front/c/b/cbe7c36a-77b7-4418-9e2d-b6aeea61502e.jpg?1783913608"
"akh-25","Gideon of the Trials Emblem","Emblem — Gideon","","","","As long as you control a Gideon planeswalker, you can't lose the game and your opponents can't win the game.","https://cards.scryfall.io/normal/front/c/b/cbebd89c-0b29-44c7-bc99-53dd4b836520.jpg?1783936409"
"stx-9","Rowan, Scholar of Sparks Emblem","Emblem","","","","Whenever you cast an instant or sorcery spell, you may pay {2}. If you do, copy that spell. You may choose new targets for the copy.","https://cards.scryfall.io/normal/front/c/c/cc18b93e-b590-4fbb-be47-d63a25cde811.jpg?1783927189"
"gk1-8","Saproling // Elf Knight","Token Creature — Saproling // Token Creature — Elf Knight","","","","","https://cards.scryfall.io/normal/front/c/c/cc77373d-34d1-475b-ade9-f49bb64bff9c.jpg?1783934008"
"rna-2","Illusion","Token Creature — Illusion","0","2","U","Whenever this creature blocks a creature, that creature doesn't untap during its controller's next untap step.","https://cards.scryfall.io/normal/front/c/c/ccc3d8da-9005-44d9-bb10-18cdac7a32f5.jpg?1783933605"
"pip-6","Alien","Token Creature — Alien","0","0","U","","https://cards.scryfall.io/normal/front/c/d/cd66f10d-6fc4-4510-818c-96d29b425052.jpg?1783912045"
"bfz-12","Gideon, Ally of Zendikar Emblem","Emblem — Gideon","","","","Creatures you control get +1/+1.","https://cards.scryfall.io/normal/front/c/d/cd8be597-f402-4fb0-9135-897c4a0946f6.jpg?1783938118"
"m20-12","Mu Yanling, Sky Dancer Emblem","Emblem","","","","Islands you control have ""{T}: Draw a card.""","https://cards.scryfall.io/normal/front/c/d/cdc0849c-3a2b-4666-8fa9-755f3ea27706.jpg?1783932852"
"tla-9","Dragon","Token Creature — Dragon","4","4","R","Flying, firebending 4 (Whenever this token attacks, add {R}{R}{R}{R} to your mana pool. This mana lasts until end of combat.)","https://cards.scryfall.io/normal/front/c/d/cddc0746-6d3e-441f-866f-28587bf54801.jpg?1783904746"
"afr-3","Dog Illusion","Token Creature — Dog Illusion","*","*","U","This creature's power and toughness are each equal to twice the number of cards in your hand.","https://cards.scryfall.io/normal/front/c/e/ce3c0bd9-8a37-4164-9937-f35d1c210fe8.jpg?1783926346"
"mh3-5","Cat Warrior","Token Creature — Cat Warrior","2","1","W","","https://cards.scryfall.io/normal/front/c/e/ce5c5bcf-1fdd-4d73-a92b-223292da00ca.jpg?1783911117"
"clb-8","Skeleton","Token Creature — Skeleton","4","1","B","Menace (This creature can't be blocked except by two or more creatures.)","https://cards.scryfall.io/normal/front/c/f/cf4c245f-af2f-46a7-81f3-670a04940901.jpg?1783922321"
"one-8","Drone","Token Artifact Creature — Drone","2","2","","Deathtouch When this creature leaves the battlefield, each opponent loses 2 life and you gain 2 life.","https://cards.scryfall.io/normal/front/c/f/cfacac5f-7685-4792-9e4c-166d4b421240.jpg?1783918167"
"cmm-67","Wall","Token Creature — Wall","0","4","W","Defender, flying","https://cards.scryfall.io/normal/front/d/0/d08e421a-49ef-448c-9e04-9c5a7e5c071c.jpg?1783915232"
"gk1-9","Wurm // Saproling","Token Creature — Wurm // Token Creature — Saproling","","","","","https://cards.scryfall.io/normal/front/d/0/d0c052ed-c761-4f1d-816b-092cdd6cb0fa.jpg?1783934008"
"m14-13","Garruk, Caller of Beasts Emblem","Emblem — Garruk","","","","Whenever you cast a creature spell, you may search your library for a creature card, put it onto the battlefield, then shuffle your library.","https://cards.scryfall.io/normal/front/d/1/d16429cb-9b00-4411-9ffc-252b38ad0b8c.jpg?1783939878"
"neo-12","Spirit","Token Creature — Spirit","*","*","G","","https://cards.scryfall.io/normal/front/d/2/d237377d-b79b-4f27-a142-e2c1756e0d94.jpg?1783923712"
"gk1-10","Elemental // Centaur","Token Creature — Elemental // Token Creature — Centaur","","","","","https://cards.scryfall.io/normal/front/d/2/d2d19d33-407b-42fc-84de-d8a0642723c1.jpg?1783934009"
"mh3-6","Fox","Token Creature — Fox","2","2","W","Vigilance","https://cards.scryfall.io/normal/front/d/3/d31d906e-e5c2-48ad-b7b0-f740ea4447ff.jpg?1783911117"
"mid-9","Insect","Token Creature — Insect","3","3","G","","https://cards.scryfall.io/normal/front/d/5/d53e20ee-b43c-45aa-9921-2c6f7ddc27fb.jpg?1783925222"
"woc-12","Pirate","Token Creature — Pirate","4","2","R","This creature can't block.","https://cards.scryfall.io/normal/front/d/5/d5f108e7-7454-4c11-b1de-97d0bcc3c470.jpg?1783914993"
"msh-10","The Void","Token Legendary Creature — Horror Villain","5","5","B","Flying, indestructible The Void attacks each combat if able.","https://cards.scryfall.io/normal/front/d/6/d656b085-fb86-4d2f-a4fc-b65f6ed9f001.jpg?1783902802"
"l17-1","Gremlin // Energy Reserve","Token Creature — Gremlin // Card","","","","","https://cards.scryfall.io/normal/front/d/6/d67c7d80-05c9-4bd3-9a8e-14dfe4c075cd.jpg?1783936788"
"eld-19","Garruk, Cursed Huntsman Emblem","Emblem","","","","Creatures you control get +3/+3 and have trample.","https://cards.scryfall.io/normal/front/d/6/d6c65749-1774-4b36-891e-abf762c95cec.jpg?1783932476"
"clb-7","Demon","Token Creature — Demon","3","3","B","","https://cards.scryfall.io/normal/front/d/7/d744d755-ac09-4511-8664-5ff973e92fc5.jpg?1783922321"
"moc-29","Butterfly","Token Creature — Insect","1","1","G","Flying","https://cards.scryfall.io/normal/front/d/7/d7636957-f183-4f58-87a6-056cde657114.jpg?1783916646"
"woe-4","Mouse","Token Creature — Mouse","1","1","W","","https://cards.scryfall.io/normal/front/d/8/d80435c8-9a41-47cb-be84-784a278adcae.jpg?1783914992"
"msh-8","Galactus","Token Legendary Creature — Elder Alien","16","16","B","Flying, trample Whenever Galactus attacks, destroy target land.","https://cards.scryfall.io/normal/front/d/9/d911f8c6-88a5-4f66-a400-4df72b49c351.jpg?1783902803"
"drc-5","Champion of Wits","Token Creature — Zombie Snake Wizard","4","4","B","When this token enters, you may draw cards equal to its power. If you do, discard two cards.","https://cards.scryfall.io/normal/front/d/9/d945177b-a94f-4d05-8d4c-d03afb04acf5.jpg?1783907676"
"40k-1","Astartes Warrior","Token Creature — Astartes Warrior","2","2","W","Vigilance","https://cards.scryfall.io/normal/front/d/9/d9662108-7a01-48d4-bb5d-edcbf1ed5a0d.jpg?1783920671"
"blb-14","Snail","Token Creature — Snail","1","1","B","","https://cards.scryfall.io/normal/front/d/9/d9bb0a91-b73e-465b-8c0e-50fc28e66fda.jpg?1783909767"
"one-4","Phyrexian Horror","Token Creature — Phyrexian Horror","*","1","R","Trample, haste","https://cards.scryfall.io/normal/front/d/a/da13c90f-9ed2-4262-88e2-17daa294537b.jpg?1783918169"
"msh-21","Sturdy Shield","Token Artifact — Equipment","","","","Equipped creature gets +1/+2. Equip {2} ({2}: Attach to target creature you control. Equip only as a sorcery.)","https://cards.scryfall.io/normal/front/d/a/da23a10f-7ac6-4cdc-a35c-ef6bba6b6b6f.jpg?1783902798"
"thb-14","Wall","Token Artifact Creature — Wall","0","4","","Defender","https://cards.scryfall.io/normal/front/d/b/dbdd5d53-65e7-42c3-a325-791f11335e62.jpg?1783931450"
"otj-4","Sheep","Token Creature — Sheep","1","1","W","","https://cards.scryfall.io/normal/front/d/c/dccb30d0-b491-43be-8aa0-2ee7da86343e.jpg?1783911528"
"clb-39","Centaur","Token Creature — Centaur","3","3","G","Protection from black","https://cards.scryfall.io/normal/front/d/c/dcd41697-6fe6-423c-a04a-035a3d4f8fd2.jpg?1783922307"
"otj-14","Varmint","Token Creature — Varmint","2","1","G","","https://cards.scryfall.io/normal/front/d/c/dcefb329-b93d-41a1-88d3-8058afebeca8.jpg?1783911523"
"unf-4","Contortionist // Contortionist","Token Creature — Octopus Performer // Token Creature — Octopus Performer","","","","","https://cards.scryfall.io/normal/front/d/d/dd308e57-6ded-4131-bc52-6c04025b8e60.jpg?1783920633"
"fin-13","Horror","Token Creature — Horror","2","2","B","","https://cards.scryfall.io/normal/front/d/d/ddcf50c2-24f5-46b4-bfe9-c636bb51bae5.jpg?1783906133"
"war-16","Citizen","Token Creature — Citizen","2","2","BGRUW","This creature is all colors.","https://cards.scryfall.io/normal/front/d/e/de7ba875-f77b-404f-8b75-4ba6f81da410.jpg?1783933348"
"neo-18","Kaito Shizuki Emblem","Emblem","","","","Whenever a creature you control deals combat damage to a player, search your library for a blue or black creature card, put it onto the battlefield, then shuffle.","https://cards.scryfall.io/normal/front/d/f/df296190-e51b-44a7-ae83-279fee3151a5.jpg?1783923710"
"uma-4","Homunculus","Token Creature — Homunculus","2","2","U","","https://cards.scryfall.io/normal/front/f/3/f3c6ef29-b879-4813-87b0-0e3ba2b5cb29.jpg?1783933881"
"ust-1","Angel // Angel","Token Creature — Angel // Token","","","","","https://cards.scryfall.io/normal/front/e/2/e2235007-b02e-463b-95e1-a8bea74a0f9d.jpg?1783935364"
"blb-22","Rust-Shield Rampager","Token Creature — Raccoon Warrior","1","1","G","This creature can't be blocked by creatures with power 2 or less. (This token's mana cost is {3}{G}.)","https://cards.scryfall.io/normal/front/e/2/e2dd6325-e3d8-4816-ac52-8838c12b4922.jpg?1783909766"
"fin-18","Frog","Token Creature — Frog","1","1","G","","https://cards.scryfall.io/normal/front/e/3/e3c84944-23b8-40d7-9b25-c746b08b4dc4.jpg?1783906132"
"blc-10","Steelburr Champion","Token Creature — Mouse Soldier","1","1","W","Vigilance Whenever an opponent casts a noncreature spell, put a +1/+1 counter on this creature. (This token's mana cost is {2}{W}.)","https://cards.scryfall.io/normal/front/e/3/e3d40cb6-e227-40bc-9f6f-baa67e4edcec.jpg?1783909760"
"akh-5","Glyph Keeper","Token Creature — Zombie Sphinx","5","3","W","Flying Whenever Glyph Keeper becomes the target of a spell or ability for the first time each turn, counter that spell or ability.","https://cards.scryfall.io/normal/front/e/3/e3d97a02-9187-4dbc-a511-2a15ca840cda.jpg?1783936415"
"bng-11","Kiora, the Crashing Wave Emblem","Emblem — Kiora","","","","At the beginning of your end step, create a 9/9 blue Kraken creature token.","https://cards.scryfall.io/normal/front/e/4/e45f7850-2ebb-4530-9859-f87b4e0e27be.jpg?1783939513"
"msh-2","Hero","Token Creature — Hero","3","2","W","Vigilance","https://cards.scryfall.io/normal/front/e/4/e4a64831-eec5-4fc9-8904-19523af3ca42.jpg?1783902804"
"cmm-25","Elemental","Token Creature — Elemental","3","1","R","Haste","https://cards.scryfall.io/normal/front/e/4/e4a9051b-f964-43f9-877b-ea4f17620ecb.jpg?1783915251"
"khm-9","Zombie Berserker","Token Creature — Zombie Berserker","2","2","B","","https://cards.scryfall.io/normal/front/e/4/e4bbd379-6728-4c6b-b375-295926fe6b00.jpg?1783928080"
"moc-22","Elemental","Token Creature — Elemental","1","1","R","Whenever this creature becomes tapped, it deals 1 damage to target player.","https://cards.scryfall.io/normal/front/e/4/e4c5edb6-58be-4e61-9c3a-699816f9160f.jpg?1783916647"
"dmc-12","Kavu","Token Creature — Kavu","3","3","BGRUW","This creature is all colors. Trample","https://cards.scryfall.io/normal/front/e/5/e50f89a6-26bd-4144-8c4a-ee9f293bd9c4.jpg?1783921131"
"40k-10","Vanguard Suppressor","Token Creature — Astartes Warrior","3","2","U","Flying Whenever Vanguard Suppressor deals combat damage to a player, draw a card.","https://cards.scryfall.io/normal/front/e/5/e5d319cb-4982-4fb9-93d4-1cc846b03c30.jpg?1783920664"
"blb-25","Otter","Token Creature — Otter","1","1","RU","Prowess (Whenever you cast a noncreature spell, this creature gets +1/+1 until end of turn.)","https://cards.scryfall.io/normal/front/e/6/e6b2c465-c446-4dee-9101-763105dcf813.jpg?1783909764"
"voc-3","Spirit","Token Creature — Spirit","3","3","W","Flying","https://cards.scryfall.io/normal/front/e/6/e6e361f5-a662-495f-a8e5-e4a647833af5.jpg?1783924703"
"tsr-14","Assembly-Worker","Token Artifact Creature — Assembly-Worker","2","2","","","https://cards.scryfall.io/normal/front/e/7/e72daa68-0680-431c-a616-b3693fd58813.jpg?1783927692"
"war-4","Wall","Token Creature — Wall","0","3","W","Defender","https://cards.scryfall.io/normal/front/e/8/e8ae8c31-70cb-44e1-a105-f4d29f1f9356.jpg?1783933354"
"otc-20","Plant Warrior","Token Creature — Plant Warrior","4","2","G","Reach","https://cards.scryfall.io/normal/front/e/8/e8d52626-dc94-4897-9c4a-3e1988fb5e11.jpg?1783911675"
"cmm-77","Ajani Steadfast Emblem","Emblem — Ajani","","","","If a source would deal damage to you or a planeswalker you control, prevent all but 1 of that damage.","https://cards.scryfall.io/normal/front/e/9/e9f9aebc-6eb8-4325-801f-ad2fbbf391b2.jpg?1783915229"
"mid-15","Zombie","Token Creature — Zombie","*","*","BU","Menace (This creature can't be blocked except by two or more creatures.)","https://cards.scryfall.io/normal/front/e/b/eb5fb489-6e46-4359-9c3c-ef1702526e5a.jpg?1783925219"
"dmu-21","Stangg Twin","Token Legendary Creature — Human Warrior","3","4","GR","","https://cards.scryfall.io/normal/front/e/d/edc84f49-86e9-43a2-b98c-a59b1e0c72ed.jpg?1783921124"
"vow-7","Vampire","Token Creature — Vampire","2","3","B","Flying, lifelink","https://cards.scryfall.io/normal/front/e/b/ebd12ac1-d1b2-4e22-9a17-8f3964294e35.jpg?1783924698"
"msh-11","Alien","Token Creature — Alien","1","1","R","Haste This token attacks each combat if able.","https://cards.scryfall.io/normal/front/e/c/eca87cbb-5958-4775-93ce-b1d4c7ef3a99.jpg?1783902802"
"dmu-19","Wurm","Token Creature — Wurm","4","4","G","","https://cards.scryfall.io/normal/front/e/d/edcfb468-6389-4e72-80af-d0d4442e6988.jpg?1783921126"
"cns-4","Ogre","Token Creature — Ogre","4","4","R","","https://cards.scryfall.io/normal/front/e/f/efaa37e5-302e-4b4b-bb2d-6a0f9f80cd3f.jpg?1783939332"
"otj-20","Plot","Card","","","","After you plot a card, you may place the exiled card here. You may cast it as a sorcery on a later turn without paying its mana cost.","https://cards.scryfall.io/normal/front/f/0/f07677af-88a4-4ff5-b591-e1e3ac05235d.jpg?1783911518"
"tdm-10","Zombie Druid","Token Creature — Zombie Druid","2","2","B","","https://cards.scryfall.io/normal/front/f/1/f10d5813-7818-43e8-b08d-4ed8c54d0366.jpg?1783906785"
"m3c-9","Aetherborn","Token Creature — Aetherborn","*","*","B","","https://cards.scryfall.io/normal/front/f/1/f1101ead-ac4c-4975-afd1-e0f6f956251d.jpg?1783911126"
"otj-6","Beau","Token Legendary Creature — Ox","*","*","U","This creature's power and toughness are each equal to the number of lands you control.","https://cards.scryfall.io/normal/front/f/1/f1751016-9461-4250-ac07-afe4f5b41095.jpg?1783911529"
"tdm-6","Spirit","Token Creature — Spirit","1","1","W","","https://cards.scryfall.io/normal/front/f/2/f22410b3-5c0b-4282-9b0b-5ba61229b6e7.jpg?1783906786"
"m3c-22","Tarmogoyf","Token Creature — Lhurgoyf","*","1+*","G","Tarmogoyf's power is equal to the number of card types among cards in all graveyards and its toughness is equal to that number plus 1. (This token's mana cost is {1}{G}.)","https://cards.scryfall.io/normal/front/f/2/f26e1f55-284c-4540-bf5c-ebc7ab9687ab.jpg?1783911122"
"znr-9","Hydra","Token Creature — Hydra","*","*","BG","","https://cards.scryfall.io/normal/front/f/2/f2ad0395-190d-4779-81b7-2832dc257828.jpg?1783929498"
"mh3-19","Rat","Token Creature — Rat","1","1","B","Lifelink","https://cards.scryfall.io/normal/front/f/3/f3054ecd-0f8a-439d-ab7c-129d5aa0ccb2.jpg?1783911115"
"brc-12","Scrap","Token Artifact","","","","","https://cards.scryfall.io/normal/front/f/3/f36fdf0d-035d-4313-87f5-4a2502a20518.jpg?1783919915"
"hou-10","Horse","Token Creature — Horse","5","5","W","","https://cards.scryfall.io/normal/front/f/3/f3dd4d92-6471-4f4b-9c70-cbd2196e8c7b.jpg?1783936066"
"dsk-3","Beast","Token Creature — Beast","4","4","W","This creature can't attack or block alone.","https://cards.scryfall.io/normal/front/f/4/f43e18d8-529d-4d63-b627-b9d9fa4f3f38.jpg?1783909266"
"c18-12","Survivor","Token Creature — Survivor","1","1","R","","https://cards.scryfall.io/normal/front/f/4/f4478979-19b6-4524-bbbd-519594c38f5a.jpg?1783934354"
"cmm-44","Phyrexian Myr","Token Artifact Creature — Phyrexian Myr","1","1","","","https://cards.scryfall.io/normal/front/f/4/f4ef9889-e61d-4733-b27c-9e78aea8e84b.jpg?1783915243"
"blb-18","Manifold Mouse","Token Creature — Mouse Soldier","1","1","R","At the beginning of combat on your turn, target Mouse you control gains your choice of double strike or trample until end of turn. (This token's mana cost is {1}{R}.)","https://cards.scryfall.io/normal/front/f/5/f5067c54-0f31-40e6-9ead-5d0183c9f00a.jpg?1783909766"
"tla-3","Spirit","Token Creature — Spirit","1","1","","This token can't block or be blocked by non-Spirit creatures.","https://cards.scryfall.io/normal/front/f/5/f59eba51-458a-40e0-b754-999f91d5d839.jpg?1783904748"
"spm-2","Illusion Villain","Token Creature — Illusion Villain","3","3","U","","https://cards.scryfall.io/normal/front/f/6/f67d6b6d-c57e-431f-ae80-a9658d628827.jpg?1783905184"
"neo-3","Samurai","Token Creature — Samurai","2","2","W","Vigilance","https://cards.scryfall.io/normal/front/f/6/f68e5337-6e44-4f8f-a102-2f97b433beea.jpg?1783923716"
"gk1-6","Soldier // Goblin","Token Creature — Soldier // Token Creature — Goblin","","","","","https://cards.scryfall.io/normal/front/f/7/f78c0976-83c4-4694-a93f-13046902cdd9.jpg?1783934009"
"40k-6","Ultramarines Honour Guard","Token Creature — Astartes Warrior","2","2","W","Other creatures you control get +1/+1.","https://cards.scryfall.io/normal/front/f/7/f7d6c117-0924-404a-9b06-5c28b830d316.jpg?1783920666"
"tmt-2","Dinosaur Soldier","Token Creature — Dinosaur Soldier","2","2","W","","https://cards.scryfall.io/normal/front/f/8/f8845523-62d5-451c-aa20-780c64bb44b3.jpg?1783904005"
"iko-8","Dinosaur","Token Creature — Dinosaur","1","1","R","Haste","https://cards.scryfall.io/normal/front/f/9/f918b740-1984-4090-8886-9e290a698b95.jpg?1783930944"
"lci-12","Fungus Dinosaur","Token Creature — Fungus Dinosaur","*","*","G","","https://cards.scryfall.io/normal/front/f/9/f92f2858-e524-4d23-b947-d4dff20e7f59.jpg?1783913606"
"blc-16","Shark","Token Creature — Shark","3","3","U","","https://cards.scryfall.io/normal/front/f/9/f9424ef2-d271-4929-83e0-12775420bac3.jpg?1783909757"
"zen-8","Elemental","Token Creature — Elemental","7","1","R","Trample, haste","https://cards.scryfall.io/normal/front/f/9/f9e12780-9c25-4cb0-b1ff-a36ca50b19d8.jpg?1783942177"
"mid-10","Ooze","Token Creature — Ooze","*","*+1","G","This creature's power is equal to the number of card types among cards in your graveyard and its toughness is equal to that number plus 1.","https://cards.scryfall.io/normal/front/f/a/faa10292-f358-48c1-a516-9a1eecf62b1d.jpg?1783925222"
"m19-16","Tezzeret, Artifice Master Emblem","Emblem — Tezzeret","","","","At the beginning of your end step, search your library for a permanent card, put it onto the battlefield, then shuffle your library.","https://cards.scryfall.io/normal/front/f/a/faa83538-e94d-4842-ba9c-812187ecfa0b.jpg?1783934463"
"c14-15","Horror","Token Creature — Horror","*","*","B","","https://cards.scryfall.io/normal/front/f/a/fadae5ee-1973-4905-8b37-69e826523905.jpg?1783938797"
"neo-13","Keimi","Token Legendary Creature — Frog","3","3","BG","Whenever you cast an enchantment spell, each opponent loses 1 life and you gain 1 life.","https://cards.scryfall.io/normal/front/f/b/fbb5b3f9-0012-4deb-b795-c377cdfe546b.jpg?1783923712"
"roe-2","Elemental","Token Creature — Elemental","*","*","R","","https://cards.scryfall.io/normal/front/f/d/fd0c9fb3-5f4c-47f9-a9b3-369d4936de60.jpg?1783941946"
"m21-8","Goblin Wizard","Token Creature — Goblin Wizard","1","1","R","Prowess (Whenever you cast a noncreature spell, this creature gets +1/+1 until end of turn.)","https://cards.scryfall.io/normal/front/f/d/fd7094d6-6e23-47f2-a9da-4dd680294ac8.jpg?1783930592"
"soc-19","Elemental","Token Creature — Elemental","*","*","RU","Flying, haste","https://cards.scryfall.io/normal/front/f/e/fe42cba4-e00f-4e34-8e26-99721727dced.jpg?1783903569"
"fin-21","Elemental","Token Creature — Elemental","2","2","BGRUW","This token is all colors.","https://cards.scryfall.io/normal/front/f/e/fe592a5c-5e6e-40ed-8818-f4651bcf2fe8.jpg?1783906130"
"ktk-10","Spirit Warrior","Token Creature — Spirit Warrior","*","*","BG","","https://cards.scryfall.io/normal/front/f/e/febc7ce0-387f-413c-a387-2952b990ff3f.jpg?1783939037"
"bro-11","Zombie","Token Artifact Creature — Zombie","3","3","","","https://cards.scryfall.io/normal/front/f/e/fef47d03-9050-48ed-994f-f72582967dbd.jpg?1783919902"
"woe-9","Elemental","Token Creature — Elemental","4","4","UW","","https://cards.scryfall.io/normal/front/f/f/ff615495-a230-484e-a858-ead84f880bdd.jpg?1783914991"
